cohort,bdchm_label,phv,phs,pht,var_desc,var_units,case_stmt,bdchm_entity,bdchm_varname,bdchm_unit,onto_id,associatedvisit,participantidphv,ageinyearsphv,source_unit,target_unit,conversion_rule,equivalent_units,has_pht,has_onto,unit_match,unit_convert,unit_expr,unit_casestmt,row_good
fhs,height,phv00369962,phs000007,pht007777,"height, exam 25",[in_us],,MeasurementObservation,bdy_hgt,cm,OBA:VT0001253,,,,[in_us],cm,* 2.54,,,1,,1,0,,0
fhs,height,phv00369963,phs000007,pht007777,"height, exam 26",[in_us],,MeasurementObservation,bdy_hgt,cm,OBA:VT0001253,,,,[in_us],cm,* 2.54,,,1,,1,0,,0
fhs,height,phv00369961,phs000007,pht007777,"height, exam 24",[in_us],,MeasurementObservation,bdy_hgt,cm,OBA:VT0001253,,,,[in_us],cm,* 2.54,,,1,,1,0,,0
fhs,height,phv00369959,phs000007,pht007777,"height, exam 22",[in_us],,MeasurementObservation,bdy_hgt,cm,OBA:VT0001253,,,,[in_us],cm,* 2.54,,,1,,1,0,,0
fhs,height,phv00423921,phs000007,pht009761,"height, exam 4",[in_us],,MeasurementObservation,bdy_hgt,cm,OBA:VT0001253,,,,[in_us],cm,* 2.54,,,1,,1,0,,0
fhs,height,phv00369956,phs000007,pht007777,"height, exam 19",[in_us],,MeasurementObservation,bdy_hgt,cm,OBA:VT0001253,,,,[in_us],cm,* 2.54,,,1,,1,0,,0
fhs,height,phv00423919,phs000007,pht009761,"height, exam 2",[in_us],,MeasurementObservation,bdy_hgt,cm,OBA:VT0001253,,,,[in_us],cm,* 2.54,,,1,,1,0,,0
fhs,height,phv00369958,phs000007,pht007777,"height, exam 21",[in_us],,MeasurementObservation,bdy_hgt,cm,OBA:VT0001253,,,,[in_us],cm,* 2.54,,,1,,1,0,,0
fhs,height,phv00369949,phs000007,pht007777,"height, exam 12",[in_us],,MeasurementObservation,bdy_hgt,cm,OBA:VT0001253,,,,[in_us],cm,* 2.54,,,1,,1,0,,0
fhs,height,phv00369955,phs000007,pht007777,"height, exam 18",[in_us],,MeasurementObservation,bdy_hgt,cm,OBA:VT0001253,,,,[in_us],cm,* 2.54,,,1,,1,0,,0
fhs,height,phv00369951,phs000007,pht007777,"height, exam 14",[in_us],,MeasurementObservation,bdy_hgt,cm,OBA:VT0001253,,,,[in_us],cm,* 2.54,,,1,,1,0,,0
fhs,height,phv00277043,phs000007,pht006026,"height, exam 2",[in_us],,MeasurementObservation,bdy_hgt,cm,OBA:VT0001253,,,,[in_us],cm,* 2.54,,,1,,1,0,,0
fhs,height,phv00423920,phs000007,pht009761,"height, exam 3",[in_us],,MeasurementObservation,bdy_hgt,cm,OBA:VT0001253,,,,[in_us],cm,* 2.54,,,1,,1,0,,0
fhs,height,phv00423918,phs000007,pht009761,"height, exam 1",[in_us],,MeasurementObservation,bdy_hgt,cm,OBA:VT0001253,,,,[in_us],cm,* 2.54,,,1,,1,0,,0
fhs,height,phv00369964,phs000007,pht007777,"height, exam 27",[in_us],,MeasurementObservation,bdy_hgt,cm,OBA:VT0001253,,,,[in_us],cm,* 2.54,,,1,,1,0,,0
fhs,height,phv00000680,phs000007,pht000009,"standing height: full inches, exam 4",[in_us],,MeasurementObservation,bdy_hgt,cm,OBA:VT0001253,,,,[in_us],cm,* 2.54,,,1,,1,0,,0
fhs,height,phv00369948,phs000007,pht007777,"height, exam 11",[in_us],,MeasurementObservation,bdy_hgt,cm,OBA:VT0001253,,,,[in_us],cm,* 2.54,,,1,,1,0,,0
fhs,height,phv00369966,phs000007,pht007777,"height, exam 29",[in_us],,MeasurementObservation,bdy_hgt,cm,OBA:VT0001253,,,,[in_us],cm,* 2.54,,,1,,1,0,,0
fhs,height,phv00369965,phs000007,pht007777,"height, exam 28",[in_us],,MeasurementObservation,bdy_hgt,cm,OBA:VT0001253,,,,[in_us],cm,* 2.54,,,1,,1,0,,0
fhs,height,phv00000539,phs000007,pht000009,"height: full inches, exam 1",[in_us],,MeasurementObservation,bdy_hgt,cm,OBA:VT0001253,,,,[in_us],cm,* 2.54,,,1,,1,0,,0
fhs,height,phv00369945,phs000007,pht007777,"height, exam 4",[in_us],,MeasurementObservation,bdy_hgt,cm,OBA:VT0001253,,,,[in_us],cm,* 2.54,,,1,,1,0,,0
fhs,height,phv00277042,phs000007,pht006026,"height, exam 1",[in_us],,MeasurementObservation,bdy_hgt,cm,OBA:VT0001253,,,,[in_us],cm,* 2.54,,,1,,1,0,,0
fhs,height,phv00000744,phs000007,pht000009,"height: full inches, exam 5",[in_us],,MeasurementObservation,bdy_hgt,cm,OBA:VT0001253,,,,[in_us],cm,* 2.54,,,1,,1,0,,0
fhs,height,phv00369960,phs000007,pht007777,"height, exam 23",[in_us],,MeasurementObservation,bdy_hgt,cm,OBA:VT0001253,,,,[in_us],cm,* 2.54,,,1,,1,0,,0
fhs,height,phv00369950,phs000007,pht007777,"height, exam 13",[in_us],,MeasurementObservation,bdy_hgt,cm,OBA:VT0001253,,,,[in_us],cm,* 2.54,,,1,,1,0,,0
fhs,height,phv00369952,phs000007,pht007777,"height, exam 15",[in_us],,MeasurementObservation,bdy_hgt,cm,OBA:VT0001253,,,,[in_us],cm,* 2.54,,,1,,1,0,,0
fhs,height,phv00369954,phs000007,pht007777,"height, exam 17",[in_us],,MeasurementObservation,bdy_hgt,cm,OBA:VT0001253,,,,[in_us],cm,* 2.54,,,1,,1,0,,0
fhs,height,phv00177539,phs000007,pht003094,anthropometry: height,[in_us],,MeasurementObservation,bdy_hgt,cm,OBA:VT0001253,,,,[in_us],cm,* 2.54,,,1,,1,0,,0
fhs,height,phv00369969,phs000007,pht007777,"height, exam 32",[in_us],,MeasurementObservation,bdy_hgt,cm,OBA:VT0001253,,,,[in_us],cm,* 2.54,,,1,,1,0,,0
fhs,height,phv00369947,phs000007,pht007777,"height, exam 10",[in_us],,MeasurementObservation,bdy_hgt,cm,OBA:VT0001253,,,,[in_us],cm,* 2.54,,,1,,1,0,,0
fhs,height,phv00369946,phs000007,pht007777,"height, exam 5",[in_us],,MeasurementObservation,bdy_hgt,cm,OBA:VT0001253,,,,[in_us],cm,* 2.54,,,1,,1,0,,0
fhs,height,phv00369957,phs000007,pht007777,"height, exam 20",[in_us],,MeasurementObservation,bdy_hgt,cm,OBA:VT0001253,,,,[in_us],cm,* 2.54,,,1,,1,0,,0
fhs,height,phv00369967,phs000007,pht007777,"height, exam 30",[in_us],,MeasurementObservation,bdy_hgt,cm,OBA:VT0001253,,,,[in_us],cm,* 2.54,,,1,,1,0,,0
fhs,height,phv00254284,phs000007,pht005140,numerical data/anthropometry: height,[in_us],,MeasurementObservation,bdy_hgt,cm,OBA:VT0001253,,,,[in_us],cm,* 2.54,,,1,,1,0,,0
fhs,height,phv00369953,phs000007,pht007777,"height, exam 16",[in_us],,MeasurementObservation,bdy_hgt,cm,OBA:VT0001253,,,,[in_us],cm,* 2.54,,,1,,1,0,,0
fhs,height,phv00369944,phs000007,pht007777,"height, exam 1",[in_us],,MeasurementObservation,bdy_hgt,cm,OBA:VT0001253,,,,[in_us],cm,* 2.54,,,1,,1,0,,0
fhs,height,phv00369968,phs000007,pht007777,"height, exam 31",[in_us],,MeasurementObservation,bdy_hgt,cm,OBA:VT0001253,,,,[in_us],cm,* 2.54,,,1,,1,0,,0
fhs,height,phv00055258,phs000007,pht000395,height in centimeters,cm,,MeasurementObservation,bdy_hgt,cm,OBA:VT0001253,,,,,,,,,1,1.0,0,0,,0
fhs,height,phv00056840,phs000007,pht000397,height in cm,cm,,MeasurementObservation,bdy_hgt,cm,OBA:VT0001253,,,,,,,,,1,1.0,0,0,,0
