cohort,phv,BDCHM_Label,new_bdchm_label
"ARIC","phv00203754","Stroke status","Stroke"
"ARIC","phv00203755","Stroke status","Stroke"
"ARIC","phv00203756","Stroke status","Stroke"
"ARIC","phv00203757","Stroke status","Stroke"
"ARIC","phv00203758","Stroke status","Stroke"
"ARIC","phv00203794","Stroke status","Stroke"
"ARIC","phv00203795","Stroke status","Stroke"
"ARIC","phv00203832","Cause of death",""
"ARIC","phv00203866","BUN Creatinine ratio","BUN"
"ARIC","phv00203941","Stroke status","Stroke"
"ARIC","phv00203984","Stroke status","Stroke"
"ARIC","phv00203985","Stroke status","Stroke"
"ARIC","phv00204310","Stroke status","Stroke"
"ARIC","phv00204311","Stroke status","Stroke"
"ARIC","phv00204347","Stroke status","Stroke"
"ARIC","phv00204458","Stroke status","Stroke"
"ARIC","phv00204528","Carotid stenosis","Carotid stenosis right"
"ARIC","phv00204529","Carotid stenosis","Carotid stenosis left"
"ARIC","phv00204552","Carotid stenosis","Carotid stenosis right"
"ARIC","phv00204553","Carotid stenosis","Carotid stenosis left"
"ARIC","phv00204563","Stroke status","Stroke"
"ARIC","phv00204564","Stroke status","Stroke"
"ARIC","phv00204565","Stroke status","Stroke"
"ARIC","phv00204566","Stroke status","Stroke"
"ARIC","phv00204602","Stroke status",""
"ARIC","phv00204603","Stroke status",""
"ARIC","phv00204604","Stroke status",""
"ARIC","phv00204605","Stroke status",""
"ARIC","phv00204712","Body weight",""
"ARIC","phv00204712","Carotid IMT",""
"ARIC","phv00204712","Carotid plaque",""
"ARIC","phv00204712","Cigarette smoking",""
"ARIC","phv00204712","Diastolic blood pressure",""
"ARIC","phv00204712","Fasting lipids",""
"ARIC","phv00204712","HDL",""
"ARIC","phv00204712","Height",""
"ARIC","phv00204712","Hematocrit",""
"ARIC","phv00204712","Hemoglobin",""
"ARIC","phv00204712","History of coronary angioplasty",""
"ARIC","phv00204712","History of coronary artery bypass graft",""
"ARIC","phv00204712","History of myocardial infarction",""
"ARIC","phv00204712","Hypertension treatment",""
"ARIC","phv00204712","Lymphocytes count",""
"ARIC","phv00204712","Neutrophils count",""
"ARIC","phv00204712","Platelet count",""
"ARIC","phv00204712","Systolic blood pressure",""
"ARIC","phv00204712","Taking ACE inhibitors",""
"ARIC","phv00204712","Taking aldosterone receptor blockers",""
"ARIC","phv00204712","Taking alpha blockers",""
"ARIC","phv00204712","Taking angiotensin receptor blockers",""
"ARIC","phv00204712","Taking beta blockers",""
"ARIC","phv00204712","Taking calcium channel blockers",""
"ARIC","phv00204712","Taking centrally acting agents",""
"ARIC","phv00204712","Taking diuretics",""
"ARIC","phv00204712","Taking statin medication",""
"ARIC","phv00204712","Total cholesterol in blood",""
"ARIC","phv00204712","Triglycerides in blood",""
"ARIC","phv00204712","Venous thromboembolism",""
"ARIC","phv00204712","White blood cell count",""
"ARIC","phv00204712","basophils count",""
"ARIC","phv00204712","eosinophils count",""
"ARIC","phv00204712","mean corpuscular hemoglobin concentration",""
"ARIC","phv00204712","monocytes count",""
"ARIC","phv00204712","peripheral arterial disease",""
"ARIC","phv00204871","Hematocrit",""
"ARIC","phv00204871","Hemoglobin",""
"ARIC","phv00204871","Platelet count",""
"ARIC","phv00204871","Red blood cell count volume",""
"ARIC","phv00204871","White blood cell count",""
"ARIC","phv00204871","mean corpuscular hemoglobin",""
"ARIC","phv00204871","mean corpuscular hemoglobin concentration",""
"ARIC","phv00204871","mean corpuscular volume",""
"ARIC","phv00204871","red cell distribution width",""
"ARIC","phv00204912","Stroke status","Stroke"
"ARIC","phv00206672","Stroke status","Stroke"
"ARIC","phv00206673","Stroke status","Stroke"
"ARIC","phv00206674","Stroke status","Stroke"
"ARIC","phv00206681","Stroke status","Stroke"
"ARIC","phv00206784","COPD status","COPD"
"ARIC","phv00206814","Stroke status","Stroke"
"ARIC","phv00206817","Height",""
"ARIC","phv00206983","Taking diuretic","Taking diuretics"
"ARIC","phv00206984","Taking diuretic","Taking diuretics"
"ARIC","phv00206996","Taking diuretic","Taking diuretics"
"ARIC","phv00206998","Stroke status","Stroke"
"ARIC","phv00207025","Stroke status","Stroke"
"ARIC","phv00207287","Red blood cell count volume","Red blood cell count"
"ARIC","phv00207299","Red blood cell count volume","Red blood cell count"
"ARIC","phv00207314","Stroke status","Stroke"
"ARIC","phv00210399","Stroke status","Stroke"
"ARIC","phv00210400","Stroke status","Stroke"
"ARIC","phv00210401","Stroke status","Stroke"
"ARIC","phv00210402","Stroke status","Stroke"
"ARIC","phv00210403","Stroke status","Stroke"
"ARIC","phv00210404","Stroke status","Stroke"
"ARIC","phv00210405","Stroke status","Stroke"
"ARIC","phv00210406","Stroke status","Stroke"
"ARIC","phv00210407","Stroke status","Stroke"
"ARIC","phv00210408","Stroke status","Stroke"
"ARIC","phv00210409","Stroke status","Stroke"
"ARIC","phv00210410","Stroke status","Stroke"
"ARIC","phv00210418","Stroke status","Stroke"
"ARIC","phv00210419","Stroke status","Stroke"
"ARIC","phv00210420","Stroke status","Stroke"
"ARIC","phv00210421","Stroke status","Stroke"
"ARIC","phv00210422","Stroke status","Stroke"
"ARIC","phv00210423","Stroke status","Stroke"
"ARIC","phv00210424","Stroke status","Stroke"
"ARIC","phv00210425","Stroke status","Stroke"
"ARIC","phv00210426","Stroke status","Stroke"
"ARIC","phv00210427","Stroke status","Stroke"
"ARIC","phv00210428","Stroke status","Stroke"
"ARIC","phv00210429","Stroke status","Stroke"
"ARIC","phv00210437","Stroke status","Stroke"
"ARIC","phv00210438","Stroke status","Stroke"
"ARIC","phv00210439","Stroke status","Stroke"
"ARIC","phv00210440","Stroke status","Stroke"
"ARIC","phv00210441","Stroke status","Stroke"
"ARIC","phv00210442","Stroke status","Stroke"
"ARIC","phv00210443","Stroke status","Stroke"
"ARIC","phv00210444","Stroke status","Stroke"
"ARIC","phv00210445","Stroke status","Stroke"
"ARIC","phv00210446","Stroke status","Stroke"
"ARIC","phv00210447","Stroke status","Stroke"
"ARIC","phv00210448","Stroke status","Stroke"
"ARIC","phv00210456","Stroke status","Stroke"
"ARIC","phv00210457","Stroke status","Stroke"
"ARIC","phv00210458","Stroke status","Stroke"
"ARIC","phv00210459","Stroke status","Stroke"
"ARIC","phv00210460","Stroke status","Stroke"
"ARIC","phv00210461","Stroke status","Stroke"
"ARIC","phv00210462","Stroke status","Stroke"
"ARIC","phv00210463","Stroke status","Stroke"
"ARIC","phv00210464","Stroke status","Stroke"
"ARIC","phv00210465","Stroke status","Stroke"
"ARIC","phv00210466","Stroke status","Stroke"
"ARIC","phv00210467","Stroke status","Stroke"
"ARIC","phv00210469","Stroke status","Stroke"
"ARIC","phv00210471","Stroke status","Stroke"
"ARIC","phv00210597","Stroke status","Stroke"
"ARIC","phv00210786","Stroke status","Stroke"
"ARIC","phv00210840","Stroke status","Stroke"
"ARIC","phv00294651","Stroke status","Stroke"
"ARIC","phv00294718","Stroke status","Stroke"
"ARIC","phv00294955","Red blood cell count volume","Red blood cell count"
"ARIC","phv00295741","Stroke status","Stroke"
"ARIC","phv00296601","Stroke status","Stroke"
"ARIC","phv00297378","Stroke status","Stroke"
"ARIC","phv00298000","COPD status","COPD"
"ARIC","phv00298001","COPD status","COPD"
"ARIC","phv00298002","COPD status","COPD"
"ARIC","phv00419792","Heart failure","History of heart failure"
"ARIC","phv00419929","Asthma",""
"ARIC","phv00506139","Stroke status",""
"ARIC","phv00506140","Stroke status",""
"ARIC","phv00506141","Stroke status",""
"ARIC","phv00506142","Stroke status",""
"ARIC","phv00506143","Stroke status",""
"ARIC","phv00506144","Stroke status","Stroke"
"ARIC","phv00506145","Stroke status","Stroke"
"ARIC","phv00506146","Stroke status","Stroke"
"ARIC","phv00506147","Stroke status","Stroke"
"ARIC","phv00506148","Stroke status","Stroke"
"ARIC","phv00506160","Stroke status","Stroke"
"ARIC","phv00507051","Albumin in blood",""
"ARIC","phv00507188","Red blood cell count volume","Red blood cell count"
"ARIC","phv00507338","Stroke status","Stroke"
"ARIC","phv00507372","Taking diuretic","Taking diuretics"
"ARIC","phv00507373","Taking diuretic","Taking diuretics"
"ARIC","phv00507409","Stroke status","Stroke"
"ARIC","phv00507819","Stroke status","Stroke"
"ARIC","phv00507866","Stroke status",""
"ARIC","phv00510590","Cystatin C in blood",""
"ARIC","phv00510647","Pacemaker implant status",""
"ARIC","phv00510845","Troponin all types",""
"ARIC","phv00511166","Stroke status","Stroke"
"ARIC","phv00511167","Stroke status","Stroke"
"ARIC","phv00511178","Stroke status","Stroke"
"ARIC","phv00511179","Stroke status","Stroke"
"ARIC","phv00511184","Stroke status","Stroke"
"ARIC","phv00511185","Stroke status","Stroke"
"ARIC","phv00511256","Stroke status","Stroke"
"ARIC","phv00511257","Stroke status","Stroke"
"ARIC","phv00512029","Stroke status","Stroke"
"ARIC","phv00512124","Stroke status","Stroke"
"ARIC","phv00512127","Stroke status","Stroke"
"ARIC","phv00512216","Taking diuretic","Taking diuretics"
"ARIC","phv00512217","Taking diuretic","Taking diuretics"
"ARIC","phv00512281","Taking diuretic","Taking diuretics"
"ARIC","phv00512282","Taking diuretic","Taking diuretics"
"ARIC","phv00512290","Stroke status","Stroke"
"ARIC","phv00512397","Stroke status","Stroke"
"ARIC","phv00512446","Stroke status","Stroke"
"ARIC","phv00515898","Stroke status","Stroke"
"ARIC","phv00515927","COPD status","COPD"
"ARIC","phv00516827","Stroke status","Stroke"
"ARIC","phv00516877","Stroke status",""
"ARIC","phv00516896","Stroke status","Stroke"
"ARIC","phv00516934","Stroke status",""
"ARIC","phv00516957","Stroke status","Stroke"
"ARIC","phv00516964","Stroke status","Stroke"
"ARIC","phv00516974","Stroke status","Stroke"
"ARIC","phv00516982","Stroke status","Stroke"
"CARDIA","phv00112439","Body weight",""
"CARDIA","phv00112439","Cigarette smoking",""
"CARDIA","phv00112439","Fasting lipids",""
"CARDIA","phv00112439","HDL",""
"CARDIA","phv00112439","Height",""
"CARDIA","phv00112439","Hematocrit",""
"CARDIA","phv00112439","Hemoglobin",""
"CARDIA","phv00112439","Lymphocytes count",""
"CARDIA","phv00112439","Neutrophils count",""
"CARDIA","phv00112439","Platelet count",""
"CARDIA","phv00112439","Red blood cell count volume",""
"CARDIA","phv00112439","Total cholesterol in blood",""
"CARDIA","phv00112439","Triglycerides in blood",""
"CARDIA","phv00112439","White blood cell count",""
"CARDIA","phv00112439","basophils count",""
"CARDIA","phv00112439","eosinophils count",""
"CARDIA","phv00112439","mean corpuscular hemoglobin",""
"CARDIA","phv00112439","mean corpuscular hemoglobin concentration",""
"CARDIA","phv00112439","mean corpuscular volume",""
"CARDIA","phv00112439","monocytes count",""
"CARDIA","phv00112687","Red blood cell count volume","Red blood cell count"
"CARDIA","phv00113709","Triglycerides in blood",""
"CARDIA","phv00115119","Diastolic blood pressure",""
"CARDIA","phv00115119","Hypertension treatment",""
"CARDIA","phv00115119","Systolic blood pressure",""
"CARDIA","phv00115119","Taking ACE inhibitors",""
"CARDIA","phv00115119","Taking aldosterone receptor blockers",""
"CARDIA","phv00115119","Taking alpha blockers",""
"CARDIA","phv00115119","Taking angiotensin receptor blockers",""
"CARDIA","phv00115119","Taking beta blockers",""
"CARDIA","phv00115119","Taking calcium channel blockers",""
"CARDIA","phv00115119","Taking centrally acting agents",""
"CARDIA","phv00115119","Taking diuretics",""
"CARDIA","phv00116390","ICAM1 in blood",""
"CARDIA","phv00117058","Stroke status","Stroke"
"CARDIA","phv00117941","Stroke status","Stroke"
"CARDIA","phv00117970","Stroke status","Stroke"
"CARDIA","phv00118538","Stroke status","Stroke"
"CARDIA","phv00119422","Taking diuretic","Taking diuretics"
"CARDIA","phv00119423","Taking diuretic","Taking diuretics"
"CARDIA","phv00119916","Stroke status","Stroke"
"CARDIA","phv00119927","Stroke status","Stroke"
"CARDIA","phv00120748","Sleep hours",""
"CARDIA","phv00120748","c-reactive protein CRP",""
"CARDIA","phv00120748","interleukin 6 in blood",""
"CARDIA","phv00121307","Stroke status","Stroke"
"CARDIA","phv00121308","Stroke status","Stroke"
"CARDIA","phv00121309","Stroke status","Stroke"
"CARDIA","phv00121310","Stroke status","Stroke"
"CARDIA","phv00121311","Stroke status","Stroke"
"CARDIA","phv00121312","Stroke status","Stroke"
"CARDIA","phv00121313","Stroke status","Stroke"
"CARDIA","phv00121314","Stroke status","Stroke"
"CARDIA","phv00121315","Stroke status","Stroke"
"CARDIA","phv00121316","Stroke status","Stroke"
"CARDIA","phv00121317","Stroke status","Stroke"
"CARDIA","phv00121318","Stroke status","Stroke"
"CARDIA","phv00121319","Stroke status","Stroke"
"CARDIA","phv00121320","Stroke status","Stroke"
"CARDIA","phv00121321","Stroke status","Stroke"
"CARDIA","phv00121322","Stroke status","Stroke"
"CARDIA","phv00121323","Stroke status","Stroke"
"CARDIA","phv00121390","Stroke status","Stroke"
"CARDIA","phv00121392","Stroke status","Stroke"
"CARDIA","phv00121463","Stroke status","Stroke"
"CARDIA","phv00121524","Stroke status","Stroke"
"CARDIA","phv00121525","Stroke status","Stroke"
"CARDIA","phv00121526","Stroke status","Stroke"
"CARDIA","phv00121527","Stroke status","Stroke"
"CARDIA","phv00121528","Stroke status","Stroke"
"CARDIA","phv00121529","Stroke status","Stroke"
"CARDIA","phv00121530","Stroke status","Stroke"
"CARDIA","phv00121531","Stroke status","Stroke"
"CARDIA","phv00121532","Stroke status","Stroke"
"CARDIA","phv00121533","Stroke status","Stroke"
"CARDIA","phv00121534","Stroke status","Stroke"
"CARDIA","phv00121535","Stroke status","Stroke"
"CARDIA","phv00121536","Stroke status","Stroke"
"CARDIA","phv00121537","Stroke status","Stroke"
"CARDIA","phv00121538","Stroke status","Stroke"
"CARDIA","phv00121539","Stroke status","Stroke"
"CARDIA","phv00121540","Stroke status","Stroke"
"CARDIA","phv00121541","Stroke status","Stroke"
"CARDIA","phv00121542","Stroke status","Stroke"
"CARDIA","phv00121606","Stroke status","Stroke"
"CARDIA","phv00121615","Stroke status","Stroke"
"CARDIA","phv00121616","Stroke status","Stroke"
"CARDIA","phv00121729","Stroke status","Stroke"
"CARDIA","phv00121730","Stroke status","Stroke"
"CHS","phv00098822","Stroke status","Stroke"
"CHS","phv00099451","Stroke status","Stroke"
"CHS","phv00099458","Taking diuretic","Taking diuretics"
"CHS","phv00099461","Stroke status","Stroke"
"CHS","phv00099609","Taking diuretic","Taking diuretics"
"CHS","phv00099610","Taking diuretic","Taking diuretics"
"CHS","phv00099618","Taking diuretic","Taking diuretics"
"CHS","phv00099654","Taking diuretic","Taking diuretics"
"CHS","phv00099711","Stroke status","Stroke"
"CHS","phv00099712","Stroke status","Stroke"
"CHS","phv00100290","Carotid stenosis",""
"CHS","phv00100296","Stroke status","Stroke"
"CHS","phv00100299","Stroke status","Stroke"
"CHS","phv00100438","Taking diuretic","Taking diuretics"
"CHS","phv00100487","Activity LP-PLA2 in blood",""
"CHS","phv00100487","Angina",""
"CHS","phv00100487","Body weight",""
"CHS","phv00100487","Carotid IMT",""
"CHS","phv00100487","Carotid plaque",""
"CHS","phv00100487","Carotid stenosis",""
"CHS","phv00100487","Cigarette smoking",""
"CHS","phv00100487","Diastolic blood pressure",""
"CHS","phv00100487","Fasting lipids",""
"CHS","phv00100487","HDL",""
"CHS","phv00100487","Height",""
"CHS","phv00100487","Hematocrit",""
"CHS","phv00100487","Hemoglobin",""
"CHS","phv00100487","History of coronary angioplasty",""
"CHS","phv00100487","History of coronary artery bypass graft",""
"CHS","phv00100487","History of myocardial infarction",""
"CHS","phv00100487","Hypertension treatment",""
"CHS","phv00100487","ICAM1 in blood",""
"CHS","phv00100487","Mass LP-PLA2 in blood",""
"CHS","phv00100487","Platelet count",""
"CHS","phv00100487","Systolic blood pressure",""
"CHS","phv00100487","Taking ACE inhibitors",""
"CHS","phv00100487","Taking aldosterone receptor blockers",""
"CHS","phv00100487","Taking alpha blockers",""
"CHS","phv00100487","Taking angiotensin receptor blockers",""
"CHS","phv00100487","Taking beta blockers",""
"CHS","phv00100487","Taking calcium channel blockers",""
"CHS","phv00100487","Taking centrally acting agents",""
"CHS","phv00100487","Taking diuretics",""
"CHS","phv00100487","Taking statin medication",""
"CHS","phv00100487","Total cholesterol in blood",""
"CHS","phv00100487","Triglycerides in blood",""
"CHS","phv00100487","Venous thromboembolism",""
"CHS","phv00100487","White blood cell count",""
"CHS","phv00100487","c-reactive protein CRP",""
"CHS","phv00100487","interleukin 6 in blood",""
"CHS","phv00100487","mean corpuscular hemoglobin concentration",""
"CHS","phv00100487","peripheral arterial disease",""
"CHS","phv00100497","COPD status","COPD"
"CHS","phv00100548","Taking diuretic","Taking diuretics"
"CHS","phv00100549","Taking diuretic","Taking diuretics"
"CHS","phv00100557","Taking diuretic","Taking diuretics"
"CHS","phv00100593","Taking diuretic","Taking diuretics"
"CHS","phv00100694","Sleep hours",""
"CHS","phv00100792","Stroke status","Stroke"
"CHS","phv00100815","Stroke status","Stroke"
"CHS","phv00100830","Stroke status","Stroke"
"CHS","phv00100831","Stroke status","Stroke"
"CHS","phv00101302","Carotid stenosis","Carotid stenosis right"
"CHS","phv00101303","Carotid stenosis","Carotid stenosis left"
"CHS","phv00101313","Carotid stenosis","Carotid stenosis right"
"CHS","phv00101314","Carotid stenosis","Carotid stenosis left"
"CHS","phv00101505","Stroke status","Stroke"
"CHS","phv00101506","Stroke status","Stroke"
"CHS","phv00101507","Stroke status","Stroke"
"CHS","phv00101508","Stroke status","Stroke"
"CHS","phv00101510","Stroke status","Stroke"
"CHS","phv00101511","Stroke status","Stroke"
"CHS","phv00101512","Stroke status","Stroke"
"CHS","phv00101513","Stroke status","Stroke"
"CHS","phv00101514","Stroke status","Stroke"
"CHS","phv00101999","Taking diuretic","Taking diuretics"
"CHS","phv00102126","Taking diuretic","Taking diuretics"
"CHS","phv00102127","Taking diuretic","Taking diuretics"
"CHS","phv00102135","Taking diuretic","Taking diuretics"
"CHS","phv00102171","Taking diuretic","Taking diuretics"
"CHS","phv00102583","CAC Score",""
"CHS","phv00102630","Taking diuretic","Taking diuretics"
"CHS","phv00102653","Stroke status","Stroke"
"CHS","phv00102654","Stroke status","Stroke"
"CHS","phv00102655","Stroke status","Stroke"
"CHS","phv00102656","Stroke status","Stroke"
"CHS","phv00102658","Stroke status","Stroke"
"CHS","phv00102659","Stroke status","Stroke"
"CHS","phv00102660","Stroke status","Stroke"
"CHS","phv00102661","Stroke status","Stroke"
"CHS","phv00102662","Stroke status","Stroke"
"CHS","phv00103099","Taking diuretic","Taking diuretics"
"CHS","phv00103100","Taking diuretic","Taking diuretics"
"CHS","phv00103108","Taking diuretic","Taking diuretics"
"CHS","phv00103144","Taking diuretic","Taking diuretics"
"CHS","phv00104044","Stroke status","Stroke"
"CHS","phv00104045","Stroke status","Stroke"
"CHS","phv00104358","Taking diuretic","Taking diuretics"
"CHS","phv00104417","Taking diuretic","Taking diuretics"
"CHS","phv00104418","Taking diuretic","Taking diuretics"
"CHS","phv00104426","Taking diuretic","Taking diuretics"
"CHS","phv00104462","Taking diuretic","Taking diuretics"
"CHS","phv00104764","Taking diuretic","Taking diuretics"
"CHS","phv00104808","Stroke status","Stroke"
"CHS","phv00104809","Stroke status","Stroke"
"CHS","phv00104810","Stroke status","Stroke"
"CHS","phv00104811","Stroke status","Stroke"
"CHS","phv00104813","Stroke status","Stroke"
"CHS","phv00104814","Stroke status","Stroke"
"CHS","phv00104815","Stroke status","Stroke"
"CHS","phv00104816","Stroke status","Stroke"
"CHS","phv00105047","Taking diuretic","Taking diuretics"
"CHS","phv00105048","Taking diuretic","Taking diuretics"
"CHS","phv00105056","Taking diuretic","Taking diuretics"
"CHS","phv00105092","Taking diuretic","Taking diuretics"
"CHS","phv00105139","Stroke status","Stroke"
"CHS","phv00105470","Stroke status","Stroke"
"CHS","phv00105471","Stroke status","Stroke"
"CHS","phv00105624","Taking diuretic","Taking diuretics"
"CHS","phv00105876","Stroke status","Stroke"
"CHS","phv00105877","Stroke status","Stroke"
"CHS","phv00105879","Stroke status","Stroke"
"CHS","phv00106468","Taking diuretic","Taking diuretics"
"CHS","phv00106469","Taking diuretic","Taking diuretics"
"CHS","phv00106477","Taking diuretic","Taking diuretics"
"CHS","phv00106513","Taking diuretic","Taking diuretics"
"CHS","phv00107022","Stroke status","Stroke"
"CHS","phv00107023","Stroke status","Stroke"
"CHS","phv00107024","Stroke status","Stroke"
"CHS","phv00107025","Stroke status","Stroke"
"CHS","phv00107027","Stroke status","Stroke"
"CHS","phv00107028","Stroke status","Stroke"
"CHS","phv00107029","Stroke status","Stroke"
"CHS","phv00107030","Stroke status","Stroke"
"CHS","phv00107031","Stroke status","Stroke"
"CHS","phv00107349","Taking diuretic","Taking diuretics"
"CHS","phv00107393","Taking diuretic","Taking diuretics"
"CHS","phv00107394","Taking diuretic","Taking diuretics"
"CHS","phv00107402","Taking diuretic","Taking diuretics"
"CHS","phv00107438","Taking diuretic","Taking diuretics"
"CHS","phv00107785","Taking diuretic","Taking diuretics"
"CHS","phv00107909","Stroke status","Stroke"
"CHS","phv00107910","Stroke status","Stroke"
"CHS","phv00107911","Stroke status","Stroke"
"CHS","phv00107912","Stroke status","Stroke"
"CHS","phv00107914","Stroke status","Stroke"
"CHS","phv00107915","Stroke status","Stroke"
"CHS","phv00107916","Stroke status","Stroke"
"CHS","phv00107917","Stroke status","Stroke"
"CHS","phv00107918","Stroke status","Stroke"
"CHS","phv00108254","Taking diuretic","Taking diuretics"
"CHS","phv00108255","Taking diuretic","Taking diuretics"
"CHS","phv00108263","Taking diuretic","Taking diuretics"
"CHS","phv00108299","Taking diuretic","Taking diuretics"
"CHS","phv00108597","Stroke status","Stroke"
"CHS","phv00108598","Stroke status","Stroke"
"CHS","phv00108599","Stroke status","Stroke"
"CHS","phv00108600","Stroke status","Stroke"
"CHS","phv00108602","Stroke status","Stroke"
"CHS","phv00108603","Stroke status","Stroke"
"CHS","phv00108604","Stroke status","Stroke"
"CHS","phv00108605","Stroke status","Stroke"
"CHS","phv00108606","Stroke status","Stroke"
"CHS","phv00108762","Stroke status","Stroke"
"CHS","phv00108763","Stroke status","Stroke"
"CHS","phv00108844","Taking diuretic","Taking diuretics"
"CHS","phv00109008","Taking diuretic","Taking diuretics"
"CHS","phv00109009","Taking diuretic","Taking diuretics"
"CHS","phv00109017","Taking diuretic","Taking diuretics"
"CHS","phv00109053","Taking diuretic","Taking diuretics"
"CHS","phv00109365","Stroke status","Stroke"
"CHS","phv00109366","Stroke status","Stroke"
"CHS","phv00109367","Stroke status","Stroke"
"CHS","phv00109368","Stroke status","Stroke"
"CHS","phv00109369","Stroke status","Stroke"
"CHS","phv00109370","Stroke status","Stroke"
"CHS","phv00109371","Stroke status","Stroke"
"CHS","phv00109372","Stroke status","Stroke"
"CHS","phv00109373","Stroke status","Stroke"
"CHS","phv00109374","Stroke status","Stroke"
"CHS","phv00109505","Taking diuretic","Taking diuretics"
"CHS","phv00109719","Taking diuretic","Taking diuretics"
"CHS","phv00109720","Taking diuretic","Taking diuretics"
"CHS","phv00109728","Taking diuretic","Taking diuretics"
"CHS","phv00109764","Taking diuretic","Taking diuretics"
"CHS","phv00110012","Stroke status","Stroke"
"CHS","phv00110013","Stroke status","Stroke"
"CHS","phv00110014","Stroke status","Stroke"
"CHS","phv00110015","Stroke status","Stroke"
"CHS","phv00110016","Stroke status","Stroke"
"CHS","phv00110017","Stroke status","Stroke"
"CHS","phv00110018","Stroke status","Stroke"
"CHS","phv00110019","Stroke status","Stroke"
"CHS","phv00110020","Stroke status","Stroke"
"CHS","phv00110021","Stroke status","Stroke"
"CHS","phv00110186","Taking diuretic","Taking diuretics"
"CHS","phv00110661","Taking diuretic","Taking diuretics"
"CHS","phv00110662","Taking diuretic","Taking diuretics"
"CHS","phv00110670","Taking diuretic","Taking diuretics"
"CHS","phv00110706","Taking diuretic","Taking diuretics"
"CHS","phv00197450","Stroke status","Stroke"
"CHS","phv00197462","COPD status","COPD"
"CHS","phv00197533","Taking diuretic","Taking diuretics"
"CHS","phv00197534","Taking diuretic","Taking diuretics"
"CHS","phv00197535","Taking diuretic","Taking diuretics"
"CHS","phv00197556","Taking diuretic","Taking diuretics"
"CHS","phv00197704","Stroke status","Stroke"
"CHS","phv00197725","Sleep apnea status","Sleep apnea"
"CHS","phv00197726","Sleep apnea status","Sleep apnea"
"CHS","phv00197727","Sleep apnea status","Sleep apnea"
"CHS","phv00197728","Sleep apnea status","Sleep apnea"
"CHS","phv00197729","Sleep apnea status","Sleep apnea"
"CHS","phv00197730","Sleep apnea status","Sleep apnea"
"CHS","phv00197731","Sleep apnea status","Sleep apnea"
"CHS","phv00197732","Sleep apnea status","Sleep apnea"
"CHS","phv00197733","Sleep apnea status","Sleep apnea"
"CHS","phv00197734","Sleep apnea status","Sleep apnea"
"CHS","phv00197735","Sleep apnea status","Sleep apnea"
"CHS","phv00197736","Sleep apnea status","Sleep apnea"
"CHS","phv00197737","Sleep apnea status","Sleep apnea"
"CHS","phv00197738","Sleep apnea status","Sleep apnea"
"CHS","phv00197739","Sleep apnea status","Sleep apnea"
"CHS","phv00197740","Sleep apnea status","Sleep apnea"
"CHS","phv00197741","Sleep apnea status","Sleep apnea"
"CHS","phv00197742","Sleep apnea status","Sleep apnea"
"CHS","phv00197743","Sleep apnea status","Sleep apnea"
"CHS","phv00197744","Sleep apnea status","Sleep apnea"
"CHS","phv00197745","Sleep apnea status","Sleep apnea"
"CHS","phv00197746","Sleep apnea status","Sleep apnea"
"CHS","phv00197747","Sleep apnea status","Sleep apnea"
"CHS","phv00197748","Sleep apnea status","Sleep apnea"
"CHS","phv00197749","Sleep apnea status","Sleep apnea"
"CHS","phv00197750","Sleep apnea status","Sleep apnea"
"CHS","phv00197751","Sleep apnea status","Sleep apnea"
"CHS","phv00197752","Sleep apnea status","Sleep apnea"
"CHS","phv00197753","Sleep apnea status","Sleep apnea"
"CHS","phv00197754","Sleep apnea status","Sleep apnea"
"CHS","phv00197755","Sleep apnea status","Sleep apnea"
"CHS","phv00197756","Sleep apnea status","Sleep apnea"
"CHS","phv00197757","Sleep apnea status","Sleep apnea"
"CHS","phv00197758","Sleep apnea status","Sleep apnea"
"CHS","phv00197759","Sleep apnea status","Sleep apnea"
"CHS","phv00197760","Sleep apnea status","Sleep apnea"
"CHS","phv00197761","Sleep apnea status","Sleep apnea"
"CHS","phv00197921","Sleep apnea status","Sleep apnea"
"CHS","phv00197926","Sleep apnea status","Sleep apnea"
"CHS","phv00197931","Sleep apnea status","Sleep apnea"
"CHS","phv00197936","Sleep apnea status","Sleep apnea"
"CHS","phv00197941","Sleep apnea status","Sleep apnea"
"CHS","phv00197946","Sleep apnea status","Sleep apnea"
"CHS","phv00197951","Sleep apnea status","Sleep apnea"
"CHS","phv00197956","Sleep apnea status","Sleep apnea"
"CHS","phv00197961","Sleep apnea status","Sleep apnea"
"CHS","phv00197966","Sleep apnea status","Sleep apnea"
"CHS","phv00197971","Sleep apnea status","Sleep apnea"
"CHS","phv00197976","Sleep apnea status","Sleep apnea"
"CHS","phv00197993","Sleep apnea status","Sleep apnea"
"CHS","phv00197998","Sleep apnea status","Sleep apnea"
"CHS","phv00198003","Sleep apnea status","Sleep apnea"
"CHS","phv00198008","Sleep apnea status","Sleep apnea"
"CHS","phv00198013","Sleep apnea status","Sleep apnea"
"CHS","phv00198018","Sleep apnea status","Sleep apnea"
"CHS","phv00198023","Sleep apnea status","Sleep apnea"
"CHS","phv00198028","Sleep apnea status","Sleep apnea"
"CHS","phv00198033","Sleep apnea status","Sleep apnea"
"CHS","phv00198038","Sleep apnea status","Sleep apnea"
"CHS","phv00198043","Sleep apnea status","Sleep apnea"
"CHS","phv00198048","Sleep apnea status","Sleep apnea"
"CHS","phv00198092","Sleep apnea status","Sleep apnea"
"CHS","phv00198097","Sleep apnea status","Sleep apnea"
"CHS","phv00198102","Sleep apnea status","Sleep apnea"
"CHS","phv00198107","Sleep apnea status","Sleep apnea"
"CHS","phv00198112","Sleep apnea status","Sleep apnea"
"CHS","phv00198117","Sleep apnea status","Sleep apnea"
"CHS","phv00198122","Sleep apnea status","Sleep apnea"
"CHS","phv00198127","Sleep apnea status","Sleep apnea"
"CHS","phv00198132","Sleep apnea status","Sleep apnea"
"CHS","phv00198137","Sleep apnea status","Sleep apnea"
"CHS","phv00198142","Sleep apnea status","Sleep apnea"
"CHS","phv00198147","Sleep apnea status","Sleep apnea"
"CHS","phv00198164","Sleep apnea status","Sleep apnea"
"CHS","phv00198169","Sleep apnea status","Sleep apnea"
"CHS","phv00198174","Sleep apnea status","Sleep apnea"
"CHS","phv00198179","Sleep apnea status","Sleep apnea"
"CHS","phv00198184","Sleep apnea status","Sleep apnea"
"CHS","phv00198189","Sleep apnea status","Sleep apnea"
"CHS","phv00198194","Sleep apnea status","Sleep apnea"
"CHS","phv00198199","Sleep apnea status","Sleep apnea"
"CHS","phv00198204","Sleep apnea status","Sleep apnea"
"CHS","phv00198209","Sleep apnea status","Sleep apnea"
"CHS","phv00198214","Sleep apnea status","Sleep apnea"
"CHS","phv00198219","Sleep apnea status","Sleep apnea"
"CHS","phv00198236","Sleep apnea status","Sleep apnea"
"CHS","phv00198241","Sleep apnea status","Sleep apnea"
"CHS","phv00198246","Sleep apnea status","Sleep apnea"
"CHS","phv00198251","Sleep apnea status","Sleep apnea"
"CHS","phv00198256","Sleep apnea status","Sleep apnea"
"CHS","phv00198261","Sleep apnea status","Sleep apnea"
"CHS","phv00198266","Sleep apnea status","Sleep apnea"
"CHS","phv00198271","Sleep apnea status","Sleep apnea"
"CHS","phv00198276","Sleep apnea status","Sleep apnea"
"CHS","phv00198281","Sleep apnea status","Sleep apnea"
"CHS","phv00198286","Sleep apnea status","Sleep apnea"
"CHS","phv00198291","Sleep apnea status","Sleep apnea"
"CHS","phv00198308","Sleep apnea status","Sleep apnea"
"CHS","phv00198313","Sleep apnea status","Sleep apnea"
"CHS","phv00198318","Sleep apnea status","Sleep apnea"
"CHS","phv00198323","Sleep apnea status","Sleep apnea"
"CHS","phv00198328","Sleep apnea status","Sleep apnea"
"CHS","phv00198333","Sleep apnea status","Sleep apnea"
"CHS","phv00198338","Sleep apnea status","Sleep apnea"
"CHS","phv00198343","Sleep apnea status","Sleep apnea"
"CHS","phv00198348","Sleep apnea status","Sleep apnea"
"CHS","phv00198353","Sleep apnea status","Sleep apnea"
"CHS","phv00198358","Sleep apnea status","Sleep apnea"
"CHS","phv00198363","Sleep apnea status","Sleep apnea"
"CHS","phv00198380","Sleep apnea status","Sleep apnea"
"CHS","phv00198385","Sleep apnea status","Sleep apnea"
"CHS","phv00198390","Sleep apnea status","Sleep apnea"
"CHS","phv00198395","Sleep apnea status","Sleep apnea"
"CHS","phv00198400","Sleep apnea status","Sleep apnea"
"CHS","phv00198405","Sleep apnea status","Sleep apnea"
"CHS","phv00198410","Sleep apnea status","Sleep apnea"
"CHS","phv00198415","Sleep apnea status","Sleep apnea"
"CHS","phv00198420","Sleep apnea status","Sleep apnea"
"CHS","phv00198425","Sleep apnea status","Sleep apnea"
"CHS","phv00198430","Sleep apnea status","Sleep apnea"
"CHS","phv00198435","Sleep apnea status","Sleep apnea"
"CHS","phv00198452","Sleep apnea status","Sleep apnea"
"CHS","phv00198457","Sleep apnea status","Sleep apnea"
"CHS","phv00198462","Sleep apnea status","Sleep apnea"
"CHS","phv00198467","Sleep apnea status","Sleep apnea"
"CHS","phv00198472","Sleep apnea status","Sleep apnea"
"CHS","phv00198477","Sleep apnea status","Sleep apnea"
"CHS","phv00198482","Sleep apnea status","Sleep apnea"
"CHS","phv00198487","Sleep apnea status","Sleep apnea"
"CHS","phv00198492","Sleep apnea status","Sleep apnea"
"CHS","phv00198497","Sleep apnea status","Sleep apnea"
"CHS","phv00198502","Sleep apnea status","Sleep apnea"
"CHS","phv00198507","Sleep apnea status","Sleep apnea"
"CHS","phv00198524","Sleep apnea status","Sleep apnea"
"CHS","phv00198529","Sleep apnea status","Sleep apnea"
"CHS","phv00198534","Sleep apnea status","Sleep apnea"
"CHS","phv00198539","Sleep apnea status","Sleep apnea"
"CHS","phv00198544","Sleep apnea status","Sleep apnea"
"CHS","phv00198549","Sleep apnea status","Sleep apnea"
"CHS","phv00198554","Sleep apnea status","Sleep apnea"
"CHS","phv00198559","Sleep apnea status","Sleep apnea"
"CHS","phv00198564","Sleep apnea status","Sleep apnea"
"CHS","phv00198569","Sleep apnea status","Sleep apnea"
"CHS","phv00198574","Sleep apnea status","Sleep apnea"
"CHS","phv00198579","Sleep apnea status","Sleep apnea"
"CHS","phv00198596","Sleep apnea status","Sleep apnea"
"CHS","phv00198601","Sleep apnea status","Sleep apnea"
"CHS","phv00198606","Sleep apnea status","Sleep apnea"
"CHS","phv00198611","Sleep apnea status","Sleep apnea"
"CHS","phv00198616","Sleep apnea status","Sleep apnea"
"CHS","phv00198621","Sleep apnea status","Sleep apnea"
"CHS","phv00198626","Sleep apnea status","Sleep apnea"
"CHS","phv00198631","Sleep apnea status","Sleep apnea"
"CHS","phv00198636","Sleep apnea status","Sleep apnea"
"CHS","phv00198641","Sleep apnea status","Sleep apnea"
"CHS","phv00198646","Sleep apnea status","Sleep apnea"
"CHS","phv00198651","Sleep apnea status","Sleep apnea"
"CHS","phv00199064","Taking diuretic","Taking diuretics"
"CHS","phv00199065","Taking diuretic","Taking diuretics"
"CHS","phv00199073","Taking diuretic","Taking diuretics"
"CHS","phv00199109","Taking diuretic","Taking diuretics"
"CHS","phv00200027","Sleep apnea status","Sleep apnea"
"CHS","phv00200028","Sleep apnea status","Sleep apnea"
"CHS","phv00200029","Sleep apnea status","Sleep apnea"
"CHS","phv00200030","Sleep apnea status","Sleep apnea"
"CHS","phv00200031","Sleep apnea status","Sleep apnea"
"CHS","phv00200032","Sleep apnea status","Sleep apnea"
"CHS","phv00200033","Sleep apnea status","Sleep apnea"
"CHS","phv00200034","Sleep apnea status","Sleep apnea"
"CHS","phv00200035","Sleep apnea status","Sleep apnea"
"CHS","phv00200036","Sleep apnea status","Sleep apnea"
"CHS","phv00200037","Sleep apnea status","Sleep apnea"
"CHS","phv00200038","Sleep apnea status","Sleep apnea"
"CHS","phv00200039","Sleep apnea status","Sleep apnea"
"CHS","phv00200040","Sleep apnea status","Sleep apnea"
"CHS","phv00200041","Sleep apnea status","Sleep apnea"
"CHS","phv00200042","Sleep apnea status","Sleep apnea"
"CHS","phv00200043","Sleep apnea status","Sleep apnea"
"CHS","phv00200044","Sleep apnea status","Sleep apnea"
"CHS","phv00200045","Sleep apnea status","Sleep apnea"
"CHS","phv00200046","Sleep apnea status","Sleep apnea"
"CHS","phv00200047","Sleep apnea status","Sleep apnea"
"CHS","phv00200048","Sleep apnea status","Sleep apnea"
"CHS","phv00200049","Sleep apnea status","Sleep apnea"
"CHS","phv00200050","Sleep apnea status","Sleep apnea"
"CHS","phv00200051","Sleep apnea status","Sleep apnea"
"CHS","phv00200052","Sleep apnea status","Sleep apnea"
"CHS","phv00200053","Sleep apnea status","Sleep apnea"
"CHS","phv00200054","Sleep apnea status","Sleep apnea"
"CHS","phv00200055","Sleep apnea status","Sleep apnea"
"CHS","phv00200056","Sleep apnea status","Sleep apnea"
"CHS","phv00200057","Sleep apnea status","Sleep apnea"
"CHS","phv00200058","Sleep apnea status","Sleep apnea"
"CHS","phv00200059","Sleep apnea status","Sleep apnea"
"CHS","phv00200060","Sleep apnea status","Sleep apnea"
"CHS","phv00200061","Sleep apnea status","Sleep apnea"
"CHS","phv00200062","Sleep apnea status","Sleep apnea"
"CHS","phv00200063","Sleep apnea status","Sleep apnea"
"CHS","phv00273566","Venous thromboembolism",""
"FHS","phv00000867","Taking diuretic","Taking diuretics"
"FHS","phv00000952","Taking diuretic","Taking diuretics"
"FHS","phv00001130","Taking diuretic","Taking diuretics"
"FHS","phv00001245","Taking diuretic","Taking diuretics"
"FHS","phv00001439","Taking diuretic","Taking diuretics"
"FHS","phv00001622","Taking diuretic","Taking diuretics"
"FHS","phv00001822","Taking diuretic","Taking diuretics"
"FHS","phv00002041","Taking diuretic","Taking diuretics"
"FHS","phv00002221","Taking beta blocker","Taking beta blockers"
"FHS","phv00002223","Taking diuretic","Taking diuretics"
"FHS","phv00002224","Taking diuretic","Taking diuretics"
"FHS","phv00002441","Taking beta blocker","Taking beta blockers"
"FHS","phv00002446","Taking diuretic","Taking diuretics"
"FHS","phv00002447","Taking diuretic","Taking diuretics"
"FHS","phv00002695","Taking beta blocker","Taking beta blockers"
"FHS","phv00002700","Taking diuretic","Taking diuretics"
"FHS","phv00002701","Taking diuretic","Taking diuretics"
"FHS","phv00002958","Taking diuretic","Taking diuretics"
"FHS","phv00002959","Taking diuretic","Taking diuretics"
"FHS","phv00003334","Taking diuretic","Taking diuretics"
"FHS","phv00003335","Taking diuretic","Taking diuretics"
"FHS","phv00003336","Taking diuretic","Taking diuretics"
"FHS","phv00003337","Taking diuretic","Taking diuretics"
"FHS","phv00003772","Taking diuretic","Taking diuretics"
"FHS","phv00003773","Taking diuretic","Taking diuretics"
"FHS","phv00003774","Taking diuretic","Taking diuretics"
"FHS","phv00004207","Taking diuretic","Taking diuretics"
"FHS","phv00004208","Taking diuretic","Taking diuretics"
"FHS","phv00004209","Taking diuretic","Taking diuretics"
"FHS","phv00004599","Taking diuretic","Taking diuretics"
"FHS","phv00004600","Taking diuretic","Taking diuretics"
"FHS","phv00004601","Taking diuretic","Taking diuretics"
"FHS","phv00004602","Taking diuretic","Taking diuretics"
"FHS","phv00004951","Medication Use","Taking calcium channel blockers"
"FHS","phv00004952","Medication Use","Taking beta blockers"
"FHS","phv00004953","Medication Use","Taking beta blockers"
"FHS","phv00004954","Medication Use","Taking beta blockers"
"FHS","phv00004955","Medication Use","Taking diuretics"
"FHS","phv00004955","Taking diuretic","Taking diuretics"
"FHS","phv00004956","Medication Use","Taking diuretics"
"FHS","phv00004956","Taking diuretic","Taking diuretics"
"FHS","phv00004957","Medication Use","Taking diuretics"
"FHS","phv00004957","Taking diuretic","Taking diuretics"
"FHS","phv00004958","Medication Use","Taking diuretics"
"FHS","phv00004958","Taking diuretic","Taking diuretics"
"FHS","phv00004963","Medication Use","Taking alpha blockers"
"FHS","phv00004964","Medication Use","Taking angiotensin receptor blockers"
"FHS","phv00004965","Medication Use","Taking vasodilators"
"FHS","phv00004975","Medication Use","Taking statin medication"
"FHS","phv00004981","Medication Use","Taking insulin"
"FHS","phv00004982","Medication Use","Taking insulin"
"FHS","phv00005571","Medication Use","Taking calcium channel blockers"
"FHS","phv00005572","Medication Use","Taking beta blockers"
"FHS","phv00005573","Medication Use","Taking beta blockers"
"FHS","phv00005574","Medication Use","Taking beta blockers"
"FHS","phv00005575","Medication Use","Taking diuretics"
"FHS","phv00005575","Taking diuretic","Taking diuretics"
"FHS","phv00005576","Medication Use","Taking diuretics"
"FHS","phv00005576","Taking diuretic","Taking diuretics"
"FHS","phv00005577","Medication Use","Taking diuretics"
"FHS","phv00005577","Taking diuretic","Taking diuretics"
"FHS","phv00005578","Medication Use","Taking diuretics"
"FHS","phv00005578","Taking diuretic","Taking diuretics"
"FHS","phv00005583","Medication Use","Taking alpha blockers"
"FHS","phv00005584","Medication Use","Taking angiotensin receptor blockers"
"FHS","phv00005585","Medication Use","Taking vasodilators"
"FHS","phv00005595","Medication Use","Taking statin medication"
"FHS","phv00005601","Medication Use","Taking insulin"
"FHS","phv00005602","Medication Use","Taking insulin"
"FHS","phv00006122","Medication Use","Taking calcium channel blockers"
"FHS","phv00006123","Medication Use","Taking calcium channel blockers"
"FHS","phv00006124","Medication Use","Taking beta blockers"
"FHS","phv00006125","Medication Use","Taking beta blockers"
"FHS","phv00006126","Medication Use","Taking beta blockers"
"FHS","phv00006127","Medication Use","Taking diuretics"
"FHS","phv00006128","Medication Use","Taking diuretics"
"FHS","phv00006128","Taking diuretic","Taking diuretics"
"FHS","phv00006129","Medication Use","Taking diuretics"
"FHS","phv00006129","Taking diuretic","Taking diuretics"
"FHS","phv00006130","Medication Use","Taking diuretics"
"FHS","phv00006130","Taking diuretic","Taking diuretics"
"FHS","phv00006136","Medication Use","Taking angiotensin receptor blockers"
"FHS","phv00006137","Medication Use","Taking vasodilators"
"FHS","phv00006146","Medication Use","Taking statin medication"
"FHS","phv00006152","Medication Use","Taking insulin"
"FHS","phv00006153","Medication Use","Taking insulin"
"FHS","phv00006304","Stroke status","Stroke"
"FHS","phv00006469","Taking diuretic","Taking diuretics"
"FHS","phv00006470","Taking diuretic","Taking diuretics"
"FHS","phv00006471","Taking diuretic","Taking diuretics"
"FHS","phv00006857","Taking diuretic","Taking diuretics"
"FHS","phv00006858","Taking diuretic","Taking diuretics"
"FHS","phv00006859","Taking diuretic","Taking diuretics"
"FHS","phv00006860","Taking diuretic","Taking diuretics"
"FHS","phv00007294","Taking diuretic","Taking diuretics"
"FHS","phv00007295","Taking diuretic","Taking diuretics"
"FHS","phv00007296","Taking diuretic","Taking diuretics"
"FHS","phv00007297","Taking diuretic","Taking diuretics"
"FHS","phv00007590","Taking diuretic","Taking diuretics"
"FHS","phv00007591","Taking diuretic","Taking diuretics"
"FHS","phv00007704","Taking beta blocker","Taking beta blockers"
"FHS","phv00007709","Taking diuretic","Taking diuretics"
"FHS","phv00007710","Taking diuretic","Taking diuretics"
"FHS","phv00008109","Red blood cell count volume","Red blood cell count"
"FHS","phv00008392","Taking diuretic","Taking diuretics"
"FHS","phv00008394","Taking diuretic","Taking diuretics"
"FHS","phv00008788","Taking diuretic","Taking diuretics"
"FHS","phv00008789","Taking diuretic","Taking diuretics"
"FHS","phv00008790","Taking diuretic","Taking diuretics"
"FHS","phv00009182","Taking diuretic","Taking diuretics"
"FHS","phv00009183","Taking diuretic","Taking diuretics"
"FHS","phv00009184","Taking diuretic","Taking diuretics"
"FHS","phv00009185","Taking diuretic","Taking diuretics"
"FHS","phv00009684","Taking diuretic","Taking diuretics"
"FHS","phv00009685","Taking diuretic","Taking diuretics"
"FHS","phv00009686","Taking diuretic","Taking diuretics"
"FHS","phv00010098","Stroke status","Stroke"
"FHS","phv00010163","Taking diuretic","Taking diuretics"
"FHS","phv00010164","Taking diuretic","Taking diuretics"
"FHS","phv00010165","Taking diuretic","Taking diuretics"
"FHS","phv00010166","Taking diuretic","Taking diuretics"
"FHS","phv00021064","Stroke status","Stroke"
"FHS","phv00021307","COPD status","COPD"
"FHS","phv00021308","COPD status","COPD"
"FHS","phv00021309","COPD status","COPD"
"FHS","phv00021700","Carotid stenosis","Carotid stenosis right"
"FHS","phv00021702","Carotid stenosis","Carotid stenosis left"
"FHS","phv00023793","Stroke status",""
"FHS","phv00023895","Stroke status","Stroke"
"FHS","phv00023900","Stroke status",""
"FHS","phv00055303","COPD status","COPD"
"FHS","phv00055358","Taking diuretic","Taking diuretics"
"FHS","phv00055359","Taking diuretic","Taking diuretics"
"FHS","phv00055360","Taking diuretic","Taking diuretics"
"FHS","phv00055381","Taking diuretic","Taking diuretics"
"FHS","phv00055533","Sleep apnea status","Sleep apnea"
"FHS","phv00055534","Sleep apnea status","Sleep apnea"
"FHS","phv00055535","Sleep apnea status","Sleep apnea"
"FHS","phv00055536","Sleep apnea status","Sleep apnea"
"FHS","phv00055537","Sleep apnea status","Sleep apnea"
"FHS","phv00055538","Sleep apnea status","Sleep apnea"
"FHS","phv00055539","Sleep apnea status","Sleep apnea"
"FHS","phv00055540","Sleep apnea status","Sleep apnea"
"FHS","phv00055541","Sleep apnea status","Sleep apnea"
"FHS","phv00055542","Sleep apnea status","Sleep apnea"
"FHS","phv00055543","Sleep apnea status","Sleep apnea"
"FHS","phv00055544","Sleep apnea status","Sleep apnea"
"FHS","phv00055545","Sleep apnea status","Sleep apnea"
"FHS","phv00055546","Sleep apnea status","Sleep apnea"
"FHS","phv00055547","Sleep apnea status","Sleep apnea"
"FHS","phv00055548","Sleep apnea status","Sleep apnea"
"FHS","phv00055549","Sleep apnea status","Sleep apnea"
"FHS","phv00055550","Sleep apnea status","Sleep apnea"
"FHS","phv00055551","Sleep apnea status","Sleep apnea"
"FHS","phv00055552","Sleep apnea status","Sleep apnea"
"FHS","phv00055553","Sleep apnea status","Sleep apnea"
"FHS","phv00055554","Sleep apnea status","Sleep apnea"
"FHS","phv00055555","Sleep apnea status","Sleep apnea"
"FHS","phv00055556","Sleep apnea status","Sleep apnea"
"FHS","phv00055557","Sleep apnea status","Sleep apnea"
"FHS","phv00055558","Sleep apnea status","Sleep apnea"
"FHS","phv00055559","Sleep apnea status","Sleep apnea"
"FHS","phv00055560","Sleep apnea status","Sleep apnea"
"FHS","phv00055561","Sleep apnea status","Sleep apnea"
"FHS","phv00055562","Sleep apnea status","Sleep apnea"
"FHS","phv00055563","Sleep apnea status","Sleep apnea"
"FHS","phv00055564","Sleep apnea status","Sleep apnea"
"FHS","phv00055565","Sleep apnea status","Sleep apnea"
"FHS","phv00055566","Sleep apnea status","Sleep apnea"
"FHS","phv00055567","Sleep apnea status","Sleep apnea"
"FHS","phv00055568","Sleep apnea status","Sleep apnea"
"FHS","phv00055569","Sleep apnea status","Sleep apnea"
"FHS","phv00055729","Sleep apnea status","Sleep apnea"
"FHS","phv00055734","Sleep apnea status","Sleep apnea"
"FHS","phv00055739","Sleep apnea status","Sleep apnea"
"FHS","phv00055744","Sleep apnea status","Sleep apnea"
"FHS","phv00055749","Sleep apnea status","Sleep apnea"
"FHS","phv00055754","Sleep apnea status","Sleep apnea"
"FHS","phv00055759","Sleep apnea status","Sleep apnea"
"FHS","phv00055764","Sleep apnea status","Sleep apnea"
"FHS","phv00055769","Sleep apnea status","Sleep apnea"
"FHS","phv00055774","Sleep apnea status","Sleep apnea"
"FHS","phv00055779","Sleep apnea status","Sleep apnea"
"FHS","phv00055784","Sleep apnea status","Sleep apnea"
"FHS","phv00055801","Sleep apnea status","Sleep apnea"
"FHS","phv00055806","Sleep apnea status","Sleep apnea"
"FHS","phv00055811","Sleep apnea status","Sleep apnea"
"FHS","phv00055816","Sleep apnea status","Sleep apnea"
"FHS","phv00055821","Sleep apnea status","Sleep apnea"
"FHS","phv00055826","Sleep apnea status","Sleep apnea"
"FHS","phv00055831","Sleep apnea status","Sleep apnea"
"FHS","phv00055836","Sleep apnea status","Sleep apnea"
"FHS","phv00055841","Sleep apnea status","Sleep apnea"
"FHS","phv00055846","Sleep apnea status","Sleep apnea"
"FHS","phv00055851","Sleep apnea status","Sleep apnea"
"FHS","phv00055856","Sleep apnea status","Sleep apnea"
"FHS","phv00055897","Sleep apnea status","Sleep apnea"
"FHS","phv00055902","Sleep apnea status","Sleep apnea"
"FHS","phv00055907","Sleep apnea status","Sleep apnea"
"FHS","phv00055912","Sleep apnea status","Sleep apnea"
"FHS","phv00055917","Sleep apnea status","Sleep apnea"
"FHS","phv00055922","Sleep apnea status","Sleep apnea"
"FHS","phv00055927","Sleep apnea status","Sleep apnea"
"FHS","phv00055932","Sleep apnea status","Sleep apnea"
"FHS","phv00055937","Sleep apnea status","Sleep apnea"
"FHS","phv00055942","Sleep apnea status","Sleep apnea"
"FHS","phv00055947","Sleep apnea status","Sleep apnea"
"FHS","phv00055952","Sleep apnea status","Sleep apnea"
"FHS","phv00055969","Sleep apnea status","Sleep apnea"
"FHS","phv00055974","Sleep apnea status","Sleep apnea"
"FHS","phv00055979","Sleep apnea status","Sleep apnea"
"FHS","phv00055984","Sleep apnea status","Sleep apnea"
"FHS","phv00055989","Sleep apnea status","Sleep apnea"
"FHS","phv00055994","Sleep apnea status","Sleep apnea"
"FHS","phv00055999","Sleep apnea status","Sleep apnea"
"FHS","phv00056004","Sleep apnea status","Sleep apnea"
"FHS","phv00056009","Sleep apnea status","Sleep apnea"
"FHS","phv00056014","Sleep apnea status","Sleep apnea"
"FHS","phv00056019","Sleep apnea status","Sleep apnea"
"FHS","phv00056024","Sleep apnea status","Sleep apnea"
"FHS","phv00056041","Sleep apnea status","Sleep apnea"
"FHS","phv00056046","Sleep apnea status","Sleep apnea"
"FHS","phv00056051","Sleep apnea status","Sleep apnea"
"FHS","phv00056056","Sleep apnea status","Sleep apnea"
"FHS","phv00056061","Sleep apnea status","Sleep apnea"
"FHS","phv00056066","Sleep apnea status","Sleep apnea"
"FHS","phv00056071","Sleep apnea status","Sleep apnea"
"FHS","phv00056076","Sleep apnea status","Sleep apnea"
"FHS","phv00056081","Sleep apnea status","Sleep apnea"
"FHS","phv00056086","Sleep apnea status","Sleep apnea"
"FHS","phv00056091","Sleep apnea status","Sleep apnea"
"FHS","phv00056096","Sleep apnea status","Sleep apnea"
"FHS","phv00056113","Sleep apnea status","Sleep apnea"
"FHS","phv00056118","Sleep apnea status","Sleep apnea"
"FHS","phv00056123","Sleep apnea status","Sleep apnea"
"FHS","phv00056128","Sleep apnea status","Sleep apnea"
"FHS","phv00056133","Sleep apnea status","Sleep apnea"
"FHS","phv00056138","Sleep apnea status","Sleep apnea"
"FHS","phv00056143","Sleep apnea status","Sleep apnea"
"FHS","phv00056148","Sleep apnea status","Sleep apnea"
"FHS","phv00056153","Sleep apnea status","Sleep apnea"
"FHS","phv00056158","Sleep apnea status","Sleep apnea"
"FHS","phv00056163","Sleep apnea status","Sleep apnea"
"FHS","phv00056168","Sleep apnea status","Sleep apnea"
"FHS","phv00056185","Sleep apnea status","Sleep apnea"
"FHS","phv00056190","Sleep apnea status","Sleep apnea"
"FHS","phv00056195","Sleep apnea status","Sleep apnea"
"FHS","phv00056200","Sleep apnea status","Sleep apnea"
"FHS","phv00056205","Sleep apnea status","Sleep apnea"
"FHS","phv00056210","Sleep apnea status","Sleep apnea"
"FHS","phv00056215","Sleep apnea status","Sleep apnea"
"FHS","phv00056220","Sleep apnea status","Sleep apnea"
"FHS","phv00056225","Sleep apnea status","Sleep apnea"
"FHS","phv00056230","Sleep apnea status","Sleep apnea"
"FHS","phv00056235","Sleep apnea status","Sleep apnea"
"FHS","phv00056240","Sleep apnea status","Sleep apnea"
"FHS","phv00056257","Sleep apnea status","Sleep apnea"
"FHS","phv00056262","Sleep apnea status","Sleep apnea"
"FHS","phv00056267","Sleep apnea status","Sleep apnea"
"FHS","phv00056272","Sleep apnea status","Sleep apnea"
"FHS","phv00056277","Sleep apnea status","Sleep apnea"
"FHS","phv00056282","Sleep apnea status","Sleep apnea"
"FHS","phv00056287","Sleep apnea status","Sleep apnea"
"FHS","phv00056292","Sleep apnea status","Sleep apnea"
"FHS","phv00056297","Sleep apnea status","Sleep apnea"
"FHS","phv00056302","Sleep apnea status","Sleep apnea"
"FHS","phv00056307","Sleep apnea status","Sleep apnea"
"FHS","phv00056312","Sleep apnea status","Sleep apnea"
"FHS","phv00056329","Sleep apnea status","Sleep apnea"
"FHS","phv00056334","Sleep apnea status","Sleep apnea"
"FHS","phv00056339","Sleep apnea status","Sleep apnea"
"FHS","phv00056344","Sleep apnea status","Sleep apnea"
"FHS","phv00056349","Sleep apnea status","Sleep apnea"
"FHS","phv00056354","Sleep apnea status","Sleep apnea"
"FHS","phv00056359","Sleep apnea status","Sleep apnea"
"FHS","phv00056364","Sleep apnea status","Sleep apnea"
"FHS","phv00056369","Sleep apnea status","Sleep apnea"
"FHS","phv00056374","Sleep apnea status","Sleep apnea"
"FHS","phv00056379","Sleep apnea status","Sleep apnea"
"FHS","phv00056384","Sleep apnea status","Sleep apnea"
"FHS","phv00056401","Sleep apnea status","Sleep apnea"
"FHS","phv00056406","Sleep apnea status","Sleep apnea"
"FHS","phv00056411","Sleep apnea status","Sleep apnea"
"FHS","phv00056416","Sleep apnea status","Sleep apnea"
"FHS","phv00056421","Sleep apnea status","Sleep apnea"
"FHS","phv00056426","Sleep apnea status","Sleep apnea"
"FHS","phv00056431","Sleep apnea status","Sleep apnea"
"FHS","phv00056436","Sleep apnea status","Sleep apnea"
"FHS","phv00056441","Sleep apnea status","Sleep apnea"
"FHS","phv00056446","Sleep apnea status","Sleep apnea"
"FHS","phv00056451","Sleep apnea status","Sleep apnea"
"FHS","phv00056456","Sleep apnea status","Sleep apnea"
"FHS","phv00056610","Triglycerides in blood",""
"FHS","phv00056625","Hypertension treatment",""
"FHS","phv00056802","COPD status","COPD"
"FHS","phv00056959","Taking diuretic","Taking diuretics"
"FHS","phv00056960","Taking diuretic","Taking diuretics"
"FHS","phv00056968","Taking diuretic","Taking diuretics"
"FHS","phv00057004","Taking diuretic","Taking diuretics"
"FHS","phv00057713","Sleep apnea status","Sleep apnea"
"FHS","phv00057714","Sleep apnea status","Sleep apnea"
"FHS","phv00057715","Sleep apnea status","Sleep apnea"
"FHS","phv00057716","Sleep apnea status","Sleep apnea"
"FHS","phv00057717","Sleep apnea status","Sleep apnea"
"FHS","phv00057718","Sleep apnea status","Sleep apnea"
"FHS","phv00057719","Sleep apnea status","Sleep apnea"
"FHS","phv00057720","Sleep apnea status","Sleep apnea"
"FHS","phv00057721","Sleep apnea status","Sleep apnea"
"FHS","phv00057722","Sleep apnea status","Sleep apnea"
"FHS","phv00057723","Sleep apnea status","Sleep apnea"
"FHS","phv00057724","Sleep apnea status","Sleep apnea"
"FHS","phv00057725","Sleep apnea status","Sleep apnea"
"FHS","phv00057726","Sleep apnea status","Sleep apnea"
"FHS","phv00057727","Sleep apnea status","Sleep apnea"
"FHS","phv00057728","Sleep apnea status","Sleep apnea"
"FHS","phv00057729","Sleep apnea status","Sleep apnea"
"FHS","phv00057730","Sleep apnea status","Sleep apnea"
"FHS","phv00057731","Sleep apnea status","Sleep apnea"
"FHS","phv00057732","Sleep apnea status","Sleep apnea"
"FHS","phv00057733","Sleep apnea status","Sleep apnea"
"FHS","phv00057734","Sleep apnea status","Sleep apnea"
"FHS","phv00057735","Sleep apnea status","Sleep apnea"
"FHS","phv00057736","Sleep apnea status","Sleep apnea"
"FHS","phv00057737","Sleep apnea status","Sleep apnea"
"FHS","phv00057738","Sleep apnea status","Sleep apnea"
"FHS","phv00057739","Sleep apnea status","Sleep apnea"
"FHS","phv00057740","Sleep apnea status","Sleep apnea"
"FHS","phv00057741","Sleep apnea status","Sleep apnea"
"FHS","phv00057742","Sleep apnea status","Sleep apnea"
"FHS","phv00057743","Sleep apnea status","Sleep apnea"
"FHS","phv00057744","Sleep apnea status","Sleep apnea"
"FHS","phv00057745","Sleep apnea status","Sleep apnea"
"FHS","phv00057746","Sleep apnea status","Sleep apnea"
"FHS","phv00057747","Sleep apnea status","Sleep apnea"
"FHS","phv00057748","Sleep apnea status","Sleep apnea"
"FHS","phv00057749","Sleep apnea status","Sleep apnea"
"FHS","phv00057750","Sleep apnea status","Sleep apnea"
"FHS","phv00057751","Sleep apnea status","Sleep apnea"
"FHS","phv00057752","Sleep apnea status","Sleep apnea"
"FHS","phv00057753","Sleep apnea status","Sleep apnea"
"FHS","phv00057754","Sleep apnea status","Sleep apnea"
"FHS","phv00057755","Sleep apnea status","Sleep apnea"
"FHS","phv00057756","Sleep apnea status","Sleep apnea"
"FHS","phv00057757","Sleep apnea status","Sleep apnea"
"FHS","phv00057758","Sleep apnea status","Sleep apnea"
"FHS","phv00057759","Sleep apnea status","Sleep apnea"
"FHS","phv00057760","Sleep apnea status","Sleep apnea"
"FHS","phv00057761","Sleep apnea status","Sleep apnea"
"FHS","phv00057762","Sleep apnea status","Sleep apnea"
"FHS","phv00057763","Sleep apnea status","Sleep apnea"
"FHS","phv00057764","Sleep apnea status","Sleep apnea"
"FHS","phv00057765","Sleep apnea status","Sleep apnea"
"FHS","phv00057766","Sleep apnea status","Sleep apnea"
"FHS","phv00057767","Sleep apnea status","Sleep apnea"
"FHS","phv00057768","Sleep apnea status","Sleep apnea"
"FHS","phv00057769","Sleep apnea status","Sleep apnea"
"FHS","phv00057770","Sleep apnea status","Sleep apnea"
"FHS","phv00057771","Sleep apnea status","Sleep apnea"
"FHS","phv00057772","Sleep apnea status","Sleep apnea"
"FHS","phv00057773","Sleep apnea status","Sleep apnea"
"FHS","phv00057774","Sleep apnea status","Sleep apnea"
"FHS","phv00057775","Sleep apnea status","Sleep apnea"
"FHS","phv00057776","Sleep apnea status","Sleep apnea"
"FHS","phv00057777","Sleep apnea status","Sleep apnea"
"FHS","phv00057778","Sleep apnea status","Sleep apnea"
"FHS","phv00057779","Sleep apnea status","Sleep apnea"
"FHS","phv00057780","Sleep apnea status","Sleep apnea"
"FHS","phv00057781","Sleep apnea status","Sleep apnea"
"FHS","phv00057782","Sleep apnea status","Sleep apnea"
"FHS","phv00057783","Sleep apnea status","Sleep apnea"
"FHS","phv00057784","Sleep apnea status","Sleep apnea"
"FHS","phv00057785","Sleep apnea status","Sleep apnea"
"FHS","phv00057786","Sleep apnea status","Sleep apnea"
"FHS","phv00057787","Sleep apnea status","Sleep apnea"
"FHS","phv00057788","Sleep apnea status","Sleep apnea"
"FHS","phv00057789","Sleep apnea status","Sleep apnea"
"FHS","phv00057790","Sleep apnea status","Sleep apnea"
"FHS","phv00057791","Sleep apnea status","Sleep apnea"
"FHS","phv00057792","Sleep apnea status","Sleep apnea"
"FHS","phv00057793","Sleep apnea status","Sleep apnea"
"FHS","phv00057794","Sleep apnea status","Sleep apnea"
"FHS","phv00057795","Sleep apnea status","Sleep apnea"
"FHS","phv00057796","Sleep apnea status","Sleep apnea"
"FHS","phv00057797","Sleep apnea status","Sleep apnea"
"FHS","phv00057798","Sleep apnea status","Sleep apnea"
"FHS","phv00057799","Sleep apnea status","Sleep apnea"
"FHS","phv00057800","Sleep apnea status","Sleep apnea"
"FHS","phv00057801","Sleep apnea status","Sleep apnea"
"FHS","phv00057802","Sleep apnea status","Sleep apnea"
"FHS","phv00057803","Sleep apnea status","Sleep apnea"
"FHS","phv00057804","Sleep apnea status","Sleep apnea"
"FHS","phv00057805","Sleep apnea status","Sleep apnea"
"FHS","phv00057806","Sleep apnea status","Sleep apnea"
"FHS","phv00057807","Sleep apnea status","Sleep apnea"
"FHS","phv00057808","Sleep apnea status","Sleep apnea"
"FHS","phv00057809","Sleep apnea status","Sleep apnea"
"FHS","phv00057810","Sleep apnea status","Sleep apnea"
"FHS","phv00057811","Sleep apnea status","Sleep apnea"
"FHS","phv00057812","Sleep apnea status","Sleep apnea"
"FHS","phv00057813","Sleep apnea status","Sleep apnea"
"FHS","phv00057814","Sleep apnea status","Sleep apnea"
"FHS","phv00057815","Sleep apnea status","Sleep apnea"
"FHS","phv00057816","Sleep apnea status","Sleep apnea"
"FHS","phv00057817","Sleep apnea status","Sleep apnea"
"FHS","phv00057818","Sleep apnea status","Sleep apnea"
"FHS","phv00057819","Sleep apnea status","Sleep apnea"
"FHS","phv00057820","Sleep apnea status","Sleep apnea"
"FHS","phv00057821","Sleep apnea status","Sleep apnea"
"FHS","phv00057822","Sleep apnea status","Sleep apnea"
"FHS","phv00057823","Sleep apnea status","Sleep apnea"
"FHS","phv00057824","Sleep apnea status","Sleep apnea"
"FHS","phv00057825","Sleep apnea status","Sleep apnea"
"FHS","phv00057826","Sleep apnea status","Sleep apnea"
"FHS","phv00057827","Sleep apnea status","Sleep apnea"
"FHS","phv00057828","Sleep apnea status","Sleep apnea"
"FHS","phv00057829","Sleep apnea status","Sleep apnea"
"FHS","phv00057830","Sleep apnea status","Sleep apnea"
"FHS","phv00057831","Sleep apnea status","Sleep apnea"
"FHS","phv00057832","Sleep apnea status","Sleep apnea"
"FHS","phv00057921","Sleep apnea status","Sleep apnea"
"FHS","phv00057922","Sleep apnea status","Sleep apnea"
"FHS","phv00057923","Sleep apnea status","Sleep apnea"
"FHS","phv00057924","Sleep apnea status","Sleep apnea"
"FHS","phv00057925","Sleep apnea status","Sleep apnea"
"FHS","phv00057926","Sleep apnea status","Sleep apnea"
"FHS","phv00057927","Sleep apnea status","Sleep apnea"
"FHS","phv00057928","Sleep apnea status","Sleep apnea"
"FHS","phv00057929","Sleep apnea status","Sleep apnea"
"FHS","phv00057930","Sleep apnea status","Sleep apnea"
"FHS","phv00057931","Sleep apnea status","Sleep apnea"
"FHS","phv00057932","Sleep apnea status","Sleep apnea"
"FHS","phv00057933","Sleep apnea status","Sleep apnea"
"FHS","phv00057934","Sleep apnea status","Sleep apnea"
"FHS","phv00057935","Sleep apnea status","Sleep apnea"
"FHS","phv00057936","Sleep apnea status","Sleep apnea"
"FHS","phv00057937","Sleep apnea status","Sleep apnea"
"FHS","phv00057938","Sleep apnea status","Sleep apnea"
"FHS","phv00057939","Sleep apnea status","Sleep apnea"
"FHS","phv00057940","Sleep apnea status","Sleep apnea"
"FHS","phv00057941","Sleep apnea status","Sleep apnea"
"FHS","phv00057942","Sleep apnea status","Sleep apnea"
"FHS","phv00057943","Sleep apnea status","Sleep apnea"
"FHS","phv00057944","Sleep apnea status","Sleep apnea"
"FHS","phv00057945","Sleep apnea status","Sleep apnea"
"FHS","phv00057946","Sleep apnea status","Sleep apnea"
"FHS","phv00057947","Sleep apnea status","Sleep apnea"
"FHS","phv00057948","Sleep apnea status","Sleep apnea"
"FHS","phv00057949","Sleep apnea status","Sleep apnea"
"FHS","phv00057950","Sleep apnea status","Sleep apnea"
"FHS","phv00057951","Sleep apnea status","Sleep apnea"
"FHS","phv00057952","Sleep apnea status","Sleep apnea"
"FHS","phv00057953","Sleep apnea status","Sleep apnea"
"FHS","phv00057954","Sleep apnea status","Sleep apnea"
"FHS","phv00057955","Sleep apnea status","Sleep apnea"
"FHS","phv00057956","Sleep apnea status","Sleep apnea"
"FHS","phv00057957","Sleep apnea status","Sleep apnea"
"FHS","phv00071937","Venous thromboembolism",""
"FHS","phv00071938","Venous thromboembolism",""
"FHS","phv00071939","Venous thromboembolism",""
"FHS","phv00071940","Venous thromboembolism",""
"FHS","phv00071941","Venous thromboembolism",""
"FHS","phv00071943","Venous thromboembolism",""
"FHS","phv00071944","Venous thromboembolism",""
"FHS","phv00071945","Venous thromboembolism",""
"FHS","phv00071946","Venous thromboembolism",""
"FHS","phv00071947","Venous thromboembolism",""
"FHS","phv00072180","Stroke status","Stroke"
"FHS","phv00072500","COPD status","COPD"
"FHS","phv00072501","COPD status","COPD"
"FHS","phv00072502","COPD status","COPD"
"FHS","phv00081029","Red blood cell count volume","Red blood cell count"
"FHS","phv00166732","Lactate","Lactate in blood"
"FHS","phv00172259","Lactate","Lactate in blood"
"FHS","phv00177574","COPD status","COPD"
"FHS","phv00190821","History of cardiovascular disease",""
"FHS","phv00190822","History of cardiovascular disease",""
"FHS","phv00195499","Stroke status","Stroke"
"FHS","phv00227026","Red blood cell count volume","Red blood cell count"
"FHS","phv00250737","Taking diuretic","Taking diuretics"
"FHS","phv00250738","Taking diuretic","Taking diuretics"
"FHS","phv00250739","Taking diuretic","Taking diuretics"
"FHS","phv00250740","Taking diuretic","Taking diuretics"
"FHS","phv00251717","COPD status","COPD"
"FHS","phv00251718","COPD status","COPD"
"FHS","phv00251719","COPD status","COPD"
"FHS","phv00254499","COPD status","COPD"
"FHS","phv00255077","Stroke status","Stroke"
"FHS","phv00255320","Stroke status","Stroke"
"FHS","phv00255330","COPD status","COPD"
"FHS","phv00255391","Lactate","Lactate in blood"
"FHS","phv00273897","Stroke status","Stroke"
"FHS","phv00274016","Stroke status","Stroke"
"FHS","phv00274134","COPD status","COPD"
"FHS","phv00274135","COPD status","COPD"
"FHS","phv00274136","COPD status","COPD"
"FHS","phv00274797","Stroke status","Stroke"
"FHS","phv00274801","Stroke status","Stroke"
"FHS","phv00275045","Stroke status","Stroke"
"FHS","phv00275055","COPD status","COPD"
"FHS","phv00275154","Stroke status","Stroke"
"FHS","phv00275158","Stroke status","Stroke"
"FHS","phv00275379","Stroke status","Stroke"
"FHS","phv00275389","COPD status","COPD"
"FHS","phv00276805","Taking ACE inhibitor","Taking ACE inhibitors"
"FHS","phv00276806","Taking beta blocker","Taking beta blockers"
"FHS","phv00276871","COPD status","COPD"
"FHS","phv00276872","COPD status","COPD"
"FHS","phv00276965","Stroke status","Stroke"
"FHS","phv00276966","Stroke status","Stroke"
"FHS","phv00276971","Stroke status","Stroke"
"FHS","phv00276972","Stroke status","Stroke"
"FHS","phv00276989","Stroke status","Stroke"
"FHS","phv00369646","Valvular heart disease",""
"FHS","phv00369649","BNP",""
"FHS","phv00437830","Stroke status","Stroke"
"FHS","phv00460987","Stroke status","Stroke"
"FHS","phv00461106","Stroke status","Stroke"
"FHS","phv00461222","COPD status","COPD"
"FHS","phv00461223","COPD status","COPD"
"FHS","phv00461224","COPD status","COPD"
"FHS","phv00461389","Taking beta blocker","Taking beta blockers"
"FHS","phv00461390","Taking beta blocker","Taking beta blockers"
"FHS","phv00461391","Taking beta blocker","Taking beta blockers"
"FHS","phv00461392","Taking diuretic","Taking diuretics"
"FHS","phv00461393","Taking diuretic","Taking diuretics"
"FHS","phv00461394","Taking diuretic","Taking diuretics"
"FHS","phv00461395","Taking diuretic","Taking diuretics"
"FHS","phv00461917","Stroke status","Stroke"
"FHS","phv00462121","COPD status","COPD"
"FHS","phv00520261","Stroke status","Stroke"
"FHS","phv00521044","Lactate","Lactate in blood"
"FHS","phv00521118","Lactate","Lactate in blood"
"HCHS_SOL","phv00226251","Body weight",""
"HCHS_SOL","phv00226251","Cigarette smoking",""
"HCHS_SOL","phv00226251","Diastolic blood pressure",""
"HCHS_SOL","phv00226251","Fasting lipids",""
"HCHS_SOL","phv00226251","HDL",""
"HCHS_SOL","phv00226251","Height",""
"HCHS_SOL","phv00226251","Hematocrit",""
"HCHS_SOL","phv00226251","Hemoglobin",""
"HCHS_SOL","phv00226251","Hypertension treatment",""
"HCHS_SOL","phv00226251","Lymphocytes count",""
"HCHS_SOL","phv00226251","Neutrophils count",""
"HCHS_SOL","phv00226251","Platelet count",""
"HCHS_SOL","phv00226251","Red blood cell count volume",""
"HCHS_SOL","phv00226251","Sleep hours",""
"HCHS_SOL","phv00226251","Systolic blood pressure",""
"HCHS_SOL","phv00226251","Taking ACE inhibitors",""
"HCHS_SOL","phv00226251","Taking aldosterone receptor blockers",""
"HCHS_SOL","phv00226251","Taking alpha blockers",""
"HCHS_SOL","phv00226251","Taking angiotensin receptor blockers",""
"HCHS_SOL","phv00226251","Taking beta blockers",""
"HCHS_SOL","phv00226251","Taking calcium channel blockers",""
"HCHS_SOL","phv00226251","Taking centrally acting agents",""
"HCHS_SOL","phv00226251","Taking diuretics",""
"HCHS_SOL","phv00226251","Taking statin medication",""
"HCHS_SOL","phv00226251","Total cholesterol in blood",""
"HCHS_SOL","phv00226251","Triglycerides in blood",""
"HCHS_SOL","phv00226251","White blood cell count",""
"HCHS_SOL","phv00226251","basophils count",""
"HCHS_SOL","phv00226251","c-reactive protein CRP",""
"HCHS_SOL","phv00226251","eosinophils count",""
"HCHS_SOL","phv00226251","mean corpuscular hemoglobin",""
"HCHS_SOL","phv00226251","mean corpuscular hemoglobin concentration",""
"HCHS_SOL","phv00226251","mean corpuscular volume",""
"HCHS_SOL","phv00226251","monocytes count",""
"HCHS_SOL","phv00226251","red cell distribution width",""
"HCHS_SOL","phv00226260","COPD status","COPD"
"HCHS_SOL","phv00226294","Red blood cell count volume","Red blood cell count"
"HCHS_SOL","phv00226330","Taking beta blocker","Taking beta blockers"
"HCHS_SOL","phv00226331","Taking beta blocker","Taking beta blockers"
"HCHS_SOL","phv00226339","Taking diuretic","Taking diuretics"
"HCHS_SOL","phv00226340","Taking diuretic","Taking diuretics"
"HCHS_SOL","phv00226392","Sleep apnea status","Sleep apnea"
"HCHS_SOL","phv00253225","Fasting lipids",""
"HCHS_SOL","phv00258042","COPD status","COPD"
"HCHS_SOL","phv00258117","Taking diuretic","Taking diuretics"
"HCHS_SOL","phv00258120","Taking beta blocker","Taking beta blockers"
"JHS","phv00127629","Red blood cell count volume","Red blood cell count"
"JHS","phv00128093","Stroke status","Stroke"
"JHS","phv00128395","Stroke status","Stroke"
"JHS","phv00400912","Stroke status","Stroke"
"JHS","phv00401072","Stroke status","Stroke"
"JHS","phv00401073","Stroke status","Stroke"
"JHS","phv00401074","Stroke status","Stroke"
"JHS","phv00401075","Stroke status","Stroke"
"JHS","phv00401076","Stroke status","Stroke"
"JHS","phv00401077","Stroke status","Stroke"
"JHS","phv00401106","Taking beta blocker","Taking beta blockers"
"JHS","phv00401108","Taking diuretic","Taking diuretics"
"JHS","phv00401207","Stroke status","Stroke"
"JHS","phv00401298","Taking beta blocker","Taking beta blockers"
"JHS","phv00401300","Taking diuretic","Taking diuretics"
"JHS","phv00401345","Stroke status","Stroke"
"JHS","phv00401399","Taking beta blocker","Taking beta blockers"
"JHS","phv00401401","Taking diuretic","Taking diuretics"
"JHS","phv00401472","Stroke status","Stroke"
"JHS","phv00402793","COPD status","COPD"
"JHS","phv00402801","Stroke status","Stroke"
"JHS","phv00402849","Stroke status","Stroke"
"JHS","phv00403327","Stroke status","Stroke"
"JHS","phv00403381","Stroke status","Stroke"
"JHS","phv00403634","Stroke status","Stroke"
"JHS","phv00403887","Stroke status","Stroke"
"JHS","phv00403990","Stroke status","Stroke"
"MESA","phv00082639","Body weight",""
"MESA","phv00082639","Carotid plaque",""
"MESA","phv00082639","Carotid stenosis",""
"MESA","phv00082639","Cigarette smoking",""
"MESA","phv00082639","Diastolic blood pressure",""
"MESA","phv00082639","E-selectin in blood",""
"MESA","phv00082639","Fasting lipids",""
"MESA","phv00082639","HDL",""
"MESA","phv00082639","Height",""
"MESA","phv00082639","Hypertension treatment",""
"MESA","phv00082639","Systolic blood pressure",""
"MESA","phv00082639","Taking ACE inhibitors",""
"MESA","phv00082639","Taking aldosterone receptor blockers",""
"MESA","phv00082639","Taking alpha blockers",""
"MESA","phv00082639","Taking angiotensin receptor blockers",""
"MESA","phv00082639","Taking beta blockers",""
"MESA","phv00082639","Taking calcium channel blockers",""
"MESA","phv00082639","Taking centrally acting agents",""
"MESA","phv00082639","Taking diuretics",""
"MESA","phv00082639","Taking statin medication",""
"MESA","phv00082639","Total cholesterol in blood",""
"MESA","phv00082639","Triglycerides in blood",""
"MESA","phv00083116","Taking diuretic","Taking diuretics"
"MESA","phv00083117","Taking diuretic","Taking diuretics"
"MESA","phv00083125","Taking diuretic","Taking diuretics"
"MESA","phv00083161","Taking diuretic","Taking diuretics"
"MESA","phv00083303","Fasting lipids",""
"MESA","phv00083483","COPD status","COPD"
"MESA","phv00083484","COPD status","COPD"
"MESA","phv00083485","COPD status","COPD"
"MESA","phv00083486","COPD status","COPD"
"MESA","phv00083545","COPD status","COPD"
"MESA","phv00083546","COPD status",""
"MESA","phv00083586","COPD status","COPD"
"MESA","phv00083590","COPD status","COPD"
"MESA","phv00083594","COPD status","COPD"
"MESA","phv00083598","COPD status","COPD"
"MESA","phv00083602","COPD status","COPD"
"MESA","phv00083620","COPD status","COPD"
"MESA","phv00083621","COPD status","COPD"
"MESA","phv00083718","COPD status","COPD"
"MESA","phv00083719","COPD status","COPD"
"MESA","phv00083720","COPD status","COPD"
"MESA","phv00083721","COPD status","COPD"
"MESA","phv00083780","COPD status","COPD"
"MESA","phv00083781","COPD status",""
"MESA","phv00083816","COPD status","COPD"
"MESA","phv00083820","COPD status","COPD"
"MESA","phv00083824","COPD status","COPD"
"MESA","phv00083828","COPD status","COPD"
"MESA","phv00083832","COPD status","COPD"
"MESA","phv00083850","COPD status","COPD"
"MESA","phv00083851","COPD status","COPD"
"MESA","phv00084442","Activity LP-PLA2 in blood",""
"MESA","phv00084442","Angina",""
"MESA","phv00084442","Body weight",""
"MESA","phv00084442","CD40 in blood",""
"MESA","phv00084442","Carotid plaque",""
"MESA","phv00084442","Carotid stenosis",""
"MESA","phv00084442","Cigarette smoking",""
"MESA","phv00084442","Diastolic blood pressure",""
"MESA","phv00084442","E-selectin in blood",""
"MESA","phv00084442","Fasting lipids",""
"MESA","phv00084442","HDL",""
"MESA","phv00084442","Height",""
"MESA","phv00084442","History of coronary angioplasty",""
"MESA","phv00084442","History of coronary artery bypass graft",""
"MESA","phv00084442","History of myocardial infarction",""
"MESA","phv00084442","Hypertension treatment",""
"MESA","phv00084442","Interleukin 10 in blood",""
"MESA","phv00084442","MMP9 in blood",""
"MESA","phv00084442","Mass LP-PLA2 in blood",""
"MESA","phv00084442","Systolic blood pressure",""
"MESA","phv00084442","TNFa-R1 in blood",""
"MESA","phv00084442","Taking ACE inhibitors",""
"MESA","phv00084442","Taking aldosterone receptor blockers",""
"MESA","phv00084442","Taking alpha blockers",""
"MESA","phv00084442","Taking angiotensin receptor blockers",""
"MESA","phv00084442","Taking beta blockers",""
"MESA","phv00084442","Taking calcium channel blockers",""
"MESA","phv00084442","Taking centrally acting agents",""
"MESA","phv00084442","Taking diuretics",""
"MESA","phv00084442","Taking statin medication",""
"MESA","phv00084442","Total cholesterol in blood",""
"MESA","phv00084442","Triglycerides in blood",""
"MESA","phv00084442","interleukin 6 in blood",""
"MESA","phv00084442","peripheral arterial disease",""
"MESA","phv00084798","Carotid stenosis","Carotid stenosis right"
"MESA","phv00084803","Carotid stenosis","Carotid stenosis left"
"MESA","phv00084980","Fasting lipids",""
"MESA","phv00085361","Taking diuretic","Taking diuretics"
"MESA","phv00085362","Taking diuretic","Taking diuretics"
"MESA","phv00085370","Taking diuretic","Taking diuretics"
"MESA","phv00085406","Taking diuretic","Taking diuretics"
"MESA","phv00085760","Stroke status","Stroke"
"MESA","phv00085763","Hypertension treatment",""
"MESA","phv00085773","TNFa in blood",""
"MESA","phv00086012","Taking diuretic","Taking diuretics"
"MESA","phv00086043","Taking diuretic","Taking diuretics"
"MESA","phv00086044","Taking diuretic","Taking diuretics"
"MESA","phv00086050","Taking diuretic","Taking diuretics"
"MESA","phv00086259","TNFa in blood",""
"MESA","phv00086494","Taking diuretic","Taking diuretics"
"MESA","phv00086525","Taking diuretic","Taking diuretics"
"MESA","phv00086526","Taking diuretic","Taking diuretics"
"MESA","phv00086532","Taking diuretic","Taking diuretics"
"MESA","phv00086727","Sleep hours",""
"MESA","phv00086931","Taking diuretic","Taking diuretics"
"MESA","phv00086962","Taking diuretic","Taking diuretics"
"MESA","phv00086963","Taking diuretic","Taking diuretics"
"MESA","phv00086969","Taking diuretic","Taking diuretics"
"MESA","phv00087071","Body weight",""
"MESA","phv00087071","Carotid plaque",""
"MESA","phv00087071","Carotid stenosis",""
"MESA","phv00087071","Cigarette smoking",""
"MESA","phv00087071","Diastolic blood pressure",""
"MESA","phv00087071","Fasting lipids",""
"MESA","phv00087071","HDL",""
"MESA","phv00087071","Height",""
"MESA","phv00087071","Hypertension treatment",""
"MESA","phv00087071","Systolic blood pressure",""
"MESA","phv00087071","Taking ACE inhibitors",""
"MESA","phv00087071","Taking aldosterone receptor blockers",""
"MESA","phv00087071","Taking alpha blockers",""
"MESA","phv00087071","Taking angiotensin receptor blockers",""
"MESA","phv00087071","Taking beta blockers",""
"MESA","phv00087071","Taking calcium channel blockers",""
"MESA","phv00087071","Taking centrally acting agents",""
"MESA","phv00087071","Taking diuretics",""
"MESA","phv00087071","Taking statin medication",""
"MESA","phv00087071","Total cholesterol in blood",""
"MESA","phv00087071","Triglycerides in blood",""
"MESA","phv00087144","Stroke status","Stroke"
"MESA","phv00087145","Stroke status","Stroke"
"MESA","phv00087337","Taking diuretic","Taking diuretics"
"MESA","phv00087338","Taking diuretic","Taking diuretics"
"MESA","phv00087346","Taking diuretic","Taking diuretics"
"MESA","phv00087381","Taking diuretic","Taking diuretics"
"MESA","phv00087524","Fasting lipids",""
"MESA","phv00087709","COPD status","COPD"
"MESA","phv00087710","COPD status","COPD"
"MESA","phv00087711","COPD status","COPD"
"MESA","phv00087712","COPD status","COPD"
"MESA","phv00087771","COPD status","COPD"
"MESA","phv00087772","COPD status",""
"MESA","phv00087812","COPD status","COPD"
"MESA","phv00087816","COPD status","COPD"
"MESA","phv00087820","COPD status","COPD"
"MESA","phv00087824","COPD status","COPD"
"MESA","phv00087828","COPD status","COPD"
"MESA","phv00087846","COPD status","COPD"
"MESA","phv00087847","COPD status","COPD"
"MESA","phv00087876","Stroke status","Stroke"
"MESA","phv00087877","Stroke status","Stroke"
"MESA","phv00087879","Stroke status","Stroke"
"MESA","phv00087880","Stroke status","Stroke"
"MESA","phv00128762","Red blood cell count volume","Red blood cell count"
"MESA","phv00175294","COPD status","COPD"
"MESA","phv00175363","Taking diuretic","Taking diuretics"
"MESA","phv00175364","Taking diuretic","Taking diuretics"
"MESA","phv00175372","Taking diuretic","Taking diuretics"
"MESA","phv00175408","Taking diuretic","Taking diuretics"
"MESA","phv00175987","BUN Creatinine ratio","BUN"
"MESA","phv00176011","Hematocrit",""
"MESA","phv00176011","Hemoglobin",""
"MESA","phv00176011","Lymphocytes count",""
"MESA","phv00176011","Neutrophils count",""
"MESA","phv00176011","Platelet count",""
"MESA","phv00176011","Red blood cell count volume",""
"MESA","phv00176011","White blood cell count",""
"MESA","phv00176011","basophils count",""
"MESA","phv00176011","eosinophils count",""
"MESA","phv00176011","mean corpuscular hemoglobin",""
"MESA","phv00176011","mean corpuscular hemoglobin concentration",""
"MESA","phv00176011","mean corpuscular volume",""
"MESA","phv00176011","monocytes count",""
"MESA","phv00176717","COPD status","COPD"
"MESA","phv00176786","Taking diuretic","Taking diuretics"
"MESA","phv00176787","Taking diuretic","Taking diuretics"
"MESA","phv00176795","Taking diuretic","Taking diuretics"
"MESA","phv00176831","Taking diuretic","Taking diuretics"
"MESA","phv00196299","Sleep apnea status","Sleep apnea"
"MESA","phv00196300","Sleep apnea status","Sleep apnea"
"MESA","phv00196301","Sleep apnea status","Sleep apnea"
"MESA","phv00196302","Sleep apnea status","Sleep apnea"
"MESA","phv00196303","Sleep apnea status","Sleep apnea"
"MESA","phv00196304","Sleep apnea status","Sleep apnea"
"MESA","phv00196305","Sleep apnea status","Sleep apnea"
"MESA","phv00218990","Red blood cell count volume","Red blood cell count"
"WHI","phv00077362","Hematocrit",""
"WHI","phv00077362","Hemoglobin",""
"WHI","phv00077362","Platelet count",""
"WHI","phv00077362","White blood cell count",""
"WHI","phv00077363","Hematocrit",""
"WHI","phv00077363","Hemoglobin",""
"WHI","phv00077363","Platelet count",""
"WHI","phv00077363","White blood cell count",""
"WHI","phv00078436","Angina",""
"WHI","phv00078436","Body weight",""
"WHI","phv00078436","Cause of death",""
"WHI","phv00078436","Cigarette smoking",""
"WHI","phv00078436","Diastolic blood pressure",""
"WHI","phv00078436","Height",""
"WHI","phv00078436","Hematocrit",""
"WHI","phv00078436","Hemoglobin",""
"WHI","phv00078436","History of coronary angioplasty",""
"WHI","phv00078436","History of coronary artery bypass graft",""
"WHI","phv00078436","History of myocardial infarction",""
"WHI","phv00078436","Hypertension treatment",""
"WHI","phv00078436","Platelet count",""
"WHI","phv00078436","Sleep hours",""
"WHI","phv00078436","Systolic blood pressure",""
"WHI","phv00078436","Taking ACE inhibitors",""
"WHI","phv00078436","Taking aldosterone receptor blockers",""
"WHI","phv00078436","Taking alpha blockers",""
"WHI","phv00078436","Taking angiotensin receptor blockers",""
"WHI","phv00078436","Taking beta blockers",""
"WHI","phv00078436","Taking calcium channel blockers",""
"WHI","phv00078436","Taking centrally acting agents",""
"WHI","phv00078436","Taking diuretics",""
"WHI","phv00078436","White blood cell count",""
"WHI","phv00078436","peripheral arterial disease",""
"WHI","phv00078437","Angina",""
"WHI","phv00078437","Body weight",""
"WHI","phv00078437","Cause of death",""
"WHI","phv00078437","Cigarette smoking",""
"WHI","phv00078437","Diastolic blood pressure",""
"WHI","phv00078437","Height",""
"WHI","phv00078437","Hematocrit",""
"WHI","phv00078437","Hemoglobin",""
"WHI","phv00078437","History of coronary angioplasty",""
"WHI","phv00078437","History of coronary artery bypass graft",""
"WHI","phv00078437","History of myocardial infarction",""
"WHI","phv00078437","Hypertension treatment",""
"WHI","phv00078437","Platelet count",""
"WHI","phv00078437","Sleep hours",""
"WHI","phv00078437","Systolic blood pressure",""
"WHI","phv00078437","Taking ACE inhibitors",""
"WHI","phv00078437","Taking aldosterone receptor blockers",""
"WHI","phv00078437","Taking alpha blockers",""
"WHI","phv00078437","Taking angiotensin receptor blockers",""
"WHI","phv00078437","Taking beta blockers",""
"WHI","phv00078437","Taking calcium channel blockers",""
"WHI","phv00078437","Taking centrally acting agents",""
"WHI","phv00078437","Taking diuretics",""
"WHI","phv00078437","White blood cell count",""
"WHI","phv00078437","peripheral arterial disease",""
"WHI","phv00078478","Stroke status","Stroke"
"WHI","phv00078479","Stroke status","Stroke"
"WHI","phv00078480","Stroke status","Stroke"
"WHI","phv00078481","Stroke status","Stroke"
"WHI","phv00078507","Angina",""
"WHI","phv00078507","History of coronary angioplasty",""
"WHI","phv00078507","History of coronary artery bypass graft",""
"WHI","phv00078507","peripheral arterial disease",""
"WHI","phv00078557","Hypertension treatment",""
"WHI","phv00078773","Cigarette smoking",""
"WHI","phv00078869","Sleep hours",""
"WHI","phv00078870","Sleep hours",""
"WHI","phv00079850","Diastolic blood pressure",""
"WHI","phv00079850","Hypertension treatment",""
"WHI","phv00079850","Systolic blood pressure",""
"WHI","phv00079850","Taking ACE inhibitors",""
"WHI","phv00079850","Taking aldosterone receptor blockers",""
"WHI","phv00079850","Taking alpha blockers",""
"WHI","phv00079850","Taking angiotensin receptor blockers",""
"WHI","phv00079850","Taking beta blockers",""
"WHI","phv00079850","Taking calcium channel blockers",""
"WHI","phv00079850","Taking centrally acting agents",""
"WHI","phv00079850","Taking diuretics",""
"WHI","phv00079851","Body weight",""
"WHI","phv00079851","Height",""
"WHI","phv00079852","Body weight",""
"WHI","phv00079852","Diastolic blood pressure",""
"WHI","phv00079852","Height",""
"WHI","phv00079852","Hypertension treatment",""
"WHI","phv00079852","Systolic blood pressure",""
"WHI","phv00079852","Taking ACE inhibitors",""
"WHI","phv00079852","Taking aldosterone receptor blockers",""
"WHI","phv00079852","Taking alpha blockers",""
"WHI","phv00079852","Taking angiotensin receptor blockers",""
"WHI","phv00079852","Taking beta blockers",""
"WHI","phv00079852","Taking calcium channel blockers",""
"WHI","phv00079852","Taking centrally acting agents",""
"WHI","phv00079852","Taking diuretics",""
"WHI","phv00169603","Hypertension treatment",""
"WHI","phv00169603","Taking ACE inhibitors",""
"WHI","phv00169603","Taking aldosterone receptor blockers",""
"WHI","phv00169603","Taking alpha blockers",""
"WHI","phv00169603","Taking angiotensin receptor blockers",""
"WHI","phv00169603","Taking beta blockers",""
"WHI","phv00169603","Taking calcium channel blockers",""
"WHI","phv00169603","Taking centrally acting agents",""
"WHI","phv00169603","Taking diuretics",""
"WHI","phv00169605","Hypertension treatment",""
"WHI","phv00169605","Taking ACE inhibitors",""
"WHI","phv00169605","Taking aldosterone receptor blockers",""
"WHI","phv00169605","Taking alpha blockers",""
"WHI","phv00169605","Taking angiotensin receptor blockers",""
"WHI","phv00169605","Taking beta blockers",""
"WHI","phv00169605","Taking calcium channel blockers",""
"WHI","phv00169605","Taking centrally acting agents",""
"WHI","phv00169605","Taking diuretics",""
"WHI","phv00169608","Hypertension treatment",""
"WHI","phv00169608","Taking ACE inhibitors",""
"WHI","phv00169608","Taking aldosterone receptor blockers",""
"WHI","phv00169608","Taking alpha blockers",""
"WHI","phv00169608","Taking angiotensin receptor blockers",""
"WHI","phv00169608","Taking beta blockers",""
"WHI","phv00169608","Taking calcium channel blockers",""
"WHI","phv00169608","Taking centrally acting agents",""
"WHI","phv00169608","Taking diuretics",""
"WHI","phv00170568","Venous thromboembolism",""
"WHI","phv00170570","Venous thromboembolism",""
"WHI","phv00170608","Hypertension treatment",""
"WHI","phv00170650","Venous thromboembolism",""
"WHI","phv00170652","Venous thromboembolism",""
"WHI","phv00170690","Hypertension treatment",""
"WHI","phv00192502","Venous thromboembolism",""
"WHI","phv00192504","Stroke status","Stroke"
"WHI","phv00192507","Stroke status","Stroke"
"WHI","phv00192522","Stroke status","Stroke"
"WHI","phv00192525","Stroke status","Stroke"
"WHI","phv00193140","Stroke status","Stroke"
"WHI","phv00193146","Angina",""
"WHI","phv00193158","History of coronary artery bypass graft",""
"WHI","phv00193170","History of myocardial infarction",""
"WHI","phv00193179","Venous thromboembolism",""
"WHI","phv00193184","Stroke status","Stroke"
"WHI","phv00193187","Stroke status","Stroke"
"WHI","phv00193191","peripheral arterial disease",""
"WHI","phv00193200","History of coronary angioplasty",""
"WHI","phv00193202","Stroke status","Stroke"
"WHI","phv00193205","Stroke status","Stroke"
"WHI","phv00193498","Cause of death",""
"WHI","phv00193504","Angina",""
"WHI","phv00193504","Cause of death",""
"WHI","phv00193504","History of coronary angioplasty",""
"WHI","phv00193504","History of coronary artery bypass graft",""
"WHI","phv00193504","History of myocardial infarction",""
"WHI","phv00193504","peripheral arterial disease",""
"WHI","phv00193505","Angina",""
"WHI","phv00193505","Cause of death",""
"WHI","phv00193505","History of coronary angioplasty",""
"WHI","phv00193505","History of coronary artery bypass graft",""
"WHI","phv00193505","History of myocardial infarction",""
"WHI","phv00193505","peripheral arterial disease",""
"WHI","phv00193631","COPD status","COPD"
"WHI","phv00193632","COPD status",""
"WHI","phv00193668","Hypertension treatment",""
"WHI","phv00193692","Venous thromboembolism",""
"WHI","phv00193694","Venous thromboembolism",""
"WHI","phv00193696","Venous thromboembolism",""
"WHI","phv00193698","Venous thromboembolism",""
"WHI","phv00193704","History of heart failure",""
"WHI","phv00193735","Stroke status","Stroke"
"WHI","phv00193737","Stroke status","Stroke"
"WHI","phv00193741","COPD status","COPD"
"WHI","phv00193742","COPD status",""
"WHI","phv00193780","Hypertension treatment",""
"WHI","phv00193801","Stroke status","Stroke"
"WHI","phv00193802","Stroke status","Stroke"
"WHI","phv00193803","Stroke status","Stroke"
"WHI","phv00193804","Stroke status","Stroke"
"WHI","phv00193805","Stroke status","Stroke"
"WHI","phv00193806","Stroke status","Stroke"
"WHI","phv00193807","Stroke status","Stroke"
"WHI","phv00193808","Stroke status","Stroke"
"WHI","phv00193809","Stroke status","Stroke"
"WHI","phv00193810","Stroke status","Stroke"
"WHI","phv00193811","Stroke status","Stroke"
"WHI","phv00193812","Stroke status","Stroke"
"WHI","phv00193813","Stroke status","Stroke"
"WHI","phv00193814","Stroke status","Stroke"
"WHI","phv00193822","Stroke status","Stroke"
"WHI","phv00193823","Stroke status","Stroke"
"WHI","phv00193824","Stroke status","Stroke"
"WHI","phv00193825","Stroke status","Stroke"
"WHI","phv00193826","Stroke status","Stroke"
"WHI","phv00193827","Stroke status","Stroke"
"WHI","phv00193828","Stroke status","Stroke"
"WHI","phv00193829","Stroke status","Stroke"
"WHI","phv00193830","Stroke status","Stroke"
"WHI","phv00193831","Stroke status","Stroke"
"WHI","phv00193832","Stroke status","Stroke"
"WHI","phv00193833","Stroke status","Stroke"
"WHI","phv00193834","Stroke status","Stroke"
"WHI","phv00193835","Stroke status","Stroke"
"WHI","phv00283510","COPD status","COPD"
"WHI","phv00283533","Stroke status","Stroke"
"WHI","phv00283677","Taking beta blocker","Taking beta blockers"
"WHI","phv00283678","Taking beta blocker","Taking beta blockers"
"WHI","phv00283681","Taking diuretic","Taking diuretics"
"WHI","phv00283682","Taking diuretic","Taking diuretics"
"WHI","phv00283694","Taking diuretic","Taking diuretics"
"WHI","phv00283705","Stroke status","Stroke"
