cohort,bdchm_label,phv,pht,var_desc,var_units,bdchm_entity,bdchm_varname,bdchm_unit,associatedvisit,participantidphv,source_unit,target_unit,conversion_rule,has_pht,has_onto,unit_match,unit_convert,unit_expr,row_good,bad_map,add_map,expr,add_var_units,note
jhs,albumin in urine,phv00127648,pht001960,spot urine albumin character result,,MeasurementObservation,albumin_urine,mg/L,JHS URINE,phv00127641,,,,1,1,,0,0,0,1,,,,more descriptive continuous var available; this is a categorical var
jhs,albumin in urine,phv00401723,pht008741,umali_cresult: character results for albumin [visit 6],,MeasurementObservation,albumin_urine,mg/L,JHS EXAM 6,phv00401710,,,,1,1,,0,0,0,,,,,manually add as lower limit to phv00401722
jhs,albumin in urine,phv00403011,pht008759,24 hour urine albumin character result: mg/24hr,mg/d,MeasurementObservation,albumin_urine,mg/L,JHS URINE,phv00403002,,,,1,1,,0,0,0,1,,,,categorical var redundant with the continous var that is mapped
jhs,albumin in urine,phv00403004,pht008759,24 hour urine albumin: mg/24hr,mg/d,MeasurementObservation,albumin_urine,mg/L,JHS URINE,phv00403002,,,,1,1,,0,0,0,,,/ {phv00403006} * 1000,,
jhs,albumin in urine,phv00401150,pht008729,24-hour urine albumin (mg/24hr),mg/d,MeasurementObservation,albumin_urine,mg/L,JHS EXAM 1,phv00401078,,,,1,1,,0,0,0,1,,,,"no data on urine volume for this derived var, so cannot be converted. Min and max values look identical to the raw var on another form"
jhs,alcohol,phv00401383,pht008731,alcohol drinking in the past 12 months (y/n),,MeasurementObservation,alcohol_servings,{#}/wk,JHS EXAM 3,phv00401370,,,,1,1,,0,0,0,1,,,,
jhs,alcohol,phv00400742,pht008720,1. since your jackson heart study exam 1 have you consumed alcoholic beverages? [visit 9] [health practices: alcohol and drug use],,MeasurementObservation,alcohol_servings,{#}/wk,JHS EXAM 9,phv00400740,,,,1,1,,0,0,0,1,,,,
jhs,alcohol,phv00400744,pht008720,"2b. during the past 12 months, on the average, how many days per (weeks, month, or year) consumed any alcoholic beverage? number of days. per [unit of time] [visit 9] [health practices: alcohol and drug use]",,MeasurementObservation,alcohol_servings,{#}/wk,JHS EXAM 9,phv00400740,,,,1,1,,0,0,0,,,,,manually fixed
jhs,alcohol,phv00124669,pht001926,"1. have you ever consumed alcoholic beverages? [visit 1] [health practices: alcohol and drug use, version a]",,MeasurementObservation,alcohol_servings,{#}/wk,JHS EXAM 1,phv00124667,,,,1,1,,0,0,0,1,,,,
jhs,alcohol,phv00401089,pht008729,alcohol drinking in the past 12 months (y/n),,MeasurementObservation,alcohol_servings,{#}/wk,JHS EXAM 1,phv00401078,,,,1,1,,0,0,0,1,,,,
jhs,alcohol,phv00124670,pht001926,"2a. during the past 12 months, on the average, how many days per week, month, or year did you drink any alcoholic beverage? number of days [visit 1] [health practices: alcohol and drug use, version a]",d,MeasurementObservation,alcohol_servings,{#}/wk,JHS EXAM 1,phv00124667,,,,1,1,,0,0,0,,,,,manually fixed
jhs,alcohol,phv00400743,pht008720,"2. during the past 12 months, on the average, how many days per (weeks, month, or year) consumed any alcoholic beverage? number of days. [visit 9] [health practices: alcohol and drug use]",d,MeasurementObservation,alcohol_servings,{#}/wk,JHS EXAM 9,phv00400740,,,,1,1,,0,0,0,,,,,manually fixed
jhs,basophils count,phv00127620,pht001959,baso: diff measure % [visit 1],%,MeasurementObservation,basophil_ncnc_bld,10*3/uL,JHS EXAM 1,phv00127609,,,,1,1,,0,0,0,1,,,,
jhs,bnp,phv00401564,pht008733,bnp character result,,MeasurementObservation,bnp,pg/mL,JHS EXAM 1,phv00401561,,,,1,1,,0,0,0,1,,,,manually add lower detection limit to phv00401563
jhs,diastolic blood pressure,phv00124609,pht001922,diastolic blood pressure [visit 1],mm[Hg],MeasurementObservation,bp_diastolic,mm[Hg],JHS EXAM 1,phv00124604,,,,1,1,,0,0,0,,,,1,
jhs,systolic blood pressure,phv00124606,pht001922,systolic blood pressure [visit 1],mm[Hg],MeasurementObservation,bp_systolic,mm[Hg],JHS EXAM 1,phv00124604,,,,1,1,,0,0,0,,,,1,
jhs,diastolic blood pressure,phv00124630,pht001923,maximum diastolic blood pressure [visit 1],,MeasurementObservation,bp_diastolic,mm[Hg],JHS EXAM 1,phv00124614,,,,1,1,,0,0,0,1,,,,something looks wrong with this data values; dbgap table shows every participant had the same value
jhs,systolic blood pressure,phv00124628,pht001923,maximum systolic blood pressure [visit 1],,MeasurementObservation,bp_systolic,mm[Hg],JHS EXAM 1,phv00124614,,,,1,1,,0,0,0,1,,,,something looks wrong with this data values; dbgap table shows every participant had the same value
jhs,diastolic blood pressure,phv00124629,pht001923,minimum diastolic blood pressure [visit 1],,MeasurementObservation,bp_diastolic,mm[Hg],JHS EXAM 1,phv00124614,,,,1,1,,0,0,0,1,,,,something looks wrong with this data values; dbgap table shows every participant had the same value
jhs,systolic blood pressure,phv00124627,pht001923,minimum systolic blood pressure [visit 1],,MeasurementObservation,bp_systolic,mm[Hg],JHS EXAM 1,phv00124614,,,,1,1,,0,0,0,1,,,,something looks wrong with this data values; dbgap table shows every participant had the same value
jhs,systolic blood pressure,phv00125876,pht001941,10a. correlation using t-tube connector. sphygmomanometer (systolic blood pressure) [visit 1] [pre abpm form],mm[Hg],MeasurementObservation,bp_systolic,mm[Hg],JHS EXAM 1,phv00125864,,,,1,1,,0,0,0,,,,1,
jhs,diastolic blood pressure,phv00125877,pht001941,10b. correlation using t-tube connector. sphygmomanometer (diastolic blood pressure) [visit 1] [pre abpm form],mm[Hg],MeasurementObservation,bp_diastolic,mm[Hg],JHS EXAM 1,phv00125864,,,,1,1,,0,0,0,,,,1,
jhs,systolic blood pressure,phv00125878,pht001941,10c. correlation using t-tube connector. ambulatory monitor (systolic blood pressure) [visit 1] [pre abpm form],mm[Hg],MeasurementObservation,bp_systolic,mm[Hg],JHS EXAM 1,phv00125864,,,,1,1,,0,0,0,,,,1,
jhs,diastolic blood pressure,phv00125879,pht001941,10d. correlation using t-tube connector. ambulatory monitor (diastolic blood pressure) [visit 1] [pre abpm form],mm[Hg],MeasurementObservation,bp_diastolic,mm[Hg],JHS EXAM 1,phv00125864,,,,1,1,,0,0,0,,,,1,
jhs,systolic blood pressure,phv00125881,pht001941,11a. correlation using t-tube connector. sphygmomanometer (systolic blood pressure) [visit 1] [pre abpm form],mm[Hg],MeasurementObservation,bp_systolic,mm[Hg],JHS EXAM 1,phv00125864,,,,1,1,,0,0,0,,,,1,
jhs,diastolic blood pressure,phv00125882,pht001941,11b. correlation using t-tube connector. sphygmomanometer (diastolic blood pressure) [visit 1] [pre abpm form],mm[Hg],MeasurementObservation,bp_diastolic,mm[Hg],JHS EXAM 1,phv00125864,,,,1,1,,0,0,0,,,,1,
jhs,systolic blood pressure,phv00125883,pht001941,11c. correlation using t-tube connector. ambulatory monitor (systolic blood pressure) [visit 1] [pre abpm form],mm[Hg],MeasurementObservation,bp_systolic,mm[Hg],JHS EXAM 1,phv00125864,,,,1,1,,0,0,0,,,,1,
jhs,diastolic blood pressure,phv00125884,pht001941,11d. correlation using t-tube connector. ambulatory monitor (diastolic blood pressure) [visit 1] [pre abpm form],mm[Hg],MeasurementObservation,bp_diastolic,mm[Hg],JHS EXAM 1,phv00125864,,,,1,1,,0,0,0,,,,1,
jhs,systolic blood pressure,phv00125886,pht001941,12a. correlation using t-tube connector. sphygmomanometer (systolic blood pressure) [visit 1] [pre abpm form],mm[Hg],MeasurementObservation,bp_systolic,mm[Hg],JHS EXAM 1,phv00125864,,,,1,1,,0,0,0,,,,1,
jhs,diastolic blood pressure,phv00125887,pht001941,12b. correlation using t-tube connector. sphygmomanometer (diastolic blood pressure) [visit 1] [pre abpm form],mm[Hg],MeasurementObservation,bp_diastolic,mm[Hg],JHS EXAM 1,phv00125864,,,,1,1,,0,0,0,,,,1,
jhs,systolic blood pressure,phv00125888,pht001941,12c. correlation using t-tube connector. ambulatory monitor (systolic blood pressure) [visit 1] [pre abpm form],mm[Hg],MeasurementObservation,bp_systolic,mm[Hg],JHS EXAM 1,phv00125864,,,,1,1,,0,0,0,,,,1,
jhs,diastolic blood pressure,phv00125889,pht001941,12d. correlation using t-tube connector. ambulatory monitor (diastolic blood pressure) [visit 1] [pre abpm form],mm[Hg],MeasurementObservation,bp_diastolic,mm[Hg],JHS EXAM 1,phv00125864,,,,1,1,,0,0,0,,,,1,
jhs,systolic blood pressure,phv00125891,pht001941,13a. correlation using t-tube connector. sphygmomanometer (systolic blood pressure) [visit 1] [pre abpm form],mm[Hg],MeasurementObservation,bp_systolic,mm[Hg],JHS EXAM 1,phv00125864,,,,1,1,,0,0,0,,,,1,
jhs,diastolic blood pressure,phv00125892,pht001941,13b. correlation using t-tube connector. sphygmomanometer (diastolic blood pressure) [visit 1] [pre abpm form],mm[Hg],MeasurementObservation,bp_diastolic,mm[Hg],JHS EXAM 1,phv00125864,,,,1,1,,0,0,0,,,,1,
jhs,systolic blood pressure,phv00125893,pht001941,13c. correlation using t-tube connector. ambulatory monitor (systolic blood pressure) [visit 1] [pre abpm form],mm[Hg],MeasurementObservation,bp_systolic,mm[Hg],JHS EXAM 1,phv00125864,,,,1,1,,0,0,0,,,,1,
jhs,diastolic blood pressure,phv00125894,pht001941,13d. correlation using t-tube connector. ambulatory monitor (diastolic blood pressure) [visit 1] [pre abpm form],mm[Hg],MeasurementObservation,bp_diastolic,mm[Hg],JHS EXAM 1,phv00125864,,,,1,1,,0,0,0,,,,1,
jhs,systolic blood pressure,phv00125896,pht001941,14a. correlation using t-tube connector. sphygmomanometer (mean accepted systolic blood pressure) [visit 1] [pre abpm form],mm[Hg],MeasurementObservation,bp_systolic,mm[Hg],JHS EXAM 1,phv00125864,,,,1,1,,0,0,0,,,,1,
jhs,diastolic blood pressure,phv00125897,pht001941,14b. correlation using t-tube connector. sphygmomanometer (mean accepted diastolic blood pressure) [visit 1] [pre abpm form],mm[Hg],MeasurementObservation,bp_diastolic,mm[Hg],JHS EXAM 1,phv00125864,,,,1,1,,0,0,0,,,,1,
jhs,diastolic blood pressure,phv00125898,pht001941,14c. correlation using t-tube connector. ambulatory monitor (mean accepted diastolic blood pressure) [visit 1] [pre abpm form],mm[Hg],MeasurementObservation,bp_diastolic,mm[Hg],JHS EXAM 1,phv00125864,,,,1,1,,0,0,0,,,,1,
jhs,diastolic blood pressure,phv00125899,pht001941,14d. correlation using t-tube connector. ambulatory monitor (mean accepted diastolic blood pressure) [visit 1] [pre abpm form],mm[Hg],MeasurementObservation,bp_diastolic,mm[Hg],JHS EXAM 1,phv00125864,,,,1,1,,0,0,0,,,,1,
jhs,systolic blood pressure,phv00125871,pht001941,9a. correlation using t-tube connector. sphygmomanometer (systolic blood pressure) [visit 1] [pre abpm form],mm[Hg],MeasurementObservation,bp_systolic,mm[Hg],JHS EXAM 1,phv00125864,,,,1,1,,0,0,0,,,,1,
jhs,diastolic blood pressure,phv00125872,pht001941,9b. correlation using t-tube connector. sphygmomanometer (diastolic blood pressure) [visit 1] [pre abpm form],mm[Hg],MeasurementObservation,bp_diastolic,mm[Hg],JHS EXAM 1,phv00125864,,,,1,1,,0,0,0,,,,1,
jhs,systolic blood pressure,phv00125873,pht001941,9c. correlation using t-tube connector. ambulatory monitor (systolic blood pressure) [visit 1] [pre abpm form],mm[Hg],MeasurementObservation,bp_systolic,mm[Hg],JHS EXAM 1,phv00125864,,,,1,1,,0,0,0,,,,1,
jhs,diastolic blood pressure,phv00125874,pht001941,9d. correlation using t-tube connector. ambulatory monitor (diastolic blood pressure) [visit 1] [pre abpm form],mm[Hg],MeasurementObservation,bp_diastolic,mm[Hg],JHS EXAM 1,phv00125864,,,,1,1,,0,0,0,,,,1,
jhs,diastolic blood pressure,phv00128370,pht001974,"q13. d. first blood pressure measurement. systolic (first bp) [visit 1] [sitting blood pressure form, sbp]",mm[Hg],MeasurementObservation,bp_diastolic,mm[Hg],JHS EXAM 1,phv00128355,,,,1,1,,0,0,0,,,,1,
jhs,systolic blood pressure,phv00128370,pht001974,"q13. d. first blood pressure measurement. systolic (first bp) [visit 1] [sitting blood pressure form, sbp]",mm[Hg],MeasurementObservation,bp_systolic,mm[Hg],JHS EXAM 1,phv00128355,,,,1,1,,0,0,0,,,,1,
jhs,diastolic blood pressure,phv00128371,pht001974,"q14. d. first blood pressure measurement. diastolic (first bp) [visit 1] [sitting blood pressure form, sbp]",mm[Hg],MeasurementObservation,bp_diastolic,mm[Hg],JHS EXAM 1,phv00128355,,,,1,1,,0,0,0,,,,1,
jhs,systolic blood pressure,phv00128371,pht001974,"q14. d. first blood pressure measurement. diastolic (first bp) [visit 1] [sitting blood pressure form, sbp]",mm[Hg],MeasurementObservation,bp_systolic,mm[Hg],JHS EXAM 1,phv00128355,,,,1,1,,0,0,0,,,,1,
jhs,diastolic blood pressure,phv00128372,pht001974,"q15. d. first blood pressure measurement. zero reading (first bp) [visit 1] [sitting blood pressure form, sbp]",,MeasurementObservation,bp_diastolic,mm[Hg],JHS EXAM 1,phv00128355,,,,1,1,,0,0,0,1,,,,
jhs,systolic blood pressure,phv00128372,pht001974,"q15. d. first blood pressure measurement. zero reading (first bp) [visit 1] [sitting blood pressure form, sbp]",,MeasurementObservation,bp_systolic,mm[Hg],JHS EXAM 1,phv00128355,,,,1,1,,0,0,0,1,,,,
jhs,diastolic blood pressure,phv00128373,pht001974,"q16. e. second blood pressure measurement. systolic (second bp) [visit 1] [sitting blood pressure form, sbp]",mm[Hg],MeasurementObservation,bp_diastolic,mm[Hg],JHS EXAM 1,phv00128355,,,,1,1,,0,0,0,,,,1,
jhs,systolic blood pressure,phv00128373,pht001974,"q16. e. second blood pressure measurement. systolic (second bp) [visit 1] [sitting blood pressure form, sbp]",mm[Hg],MeasurementObservation,bp_systolic,mm[Hg],JHS EXAM 1,phv00128355,,,,1,1,,0,0,0,,,,1,
jhs,diastolic blood pressure,phv00128374,pht001974,"q17. e. second blood pressure measurement. diastolic (second bp) [visit 1] [sitting blood pressure form, sbp]",mm[Hg],MeasurementObservation,bp_diastolic,mm[Hg],JHS EXAM 1,phv00128355,,,,1,1,,0,0,0,,,,1,
jhs,systolic blood pressure,phv00128374,pht001974,"q17. e. second blood pressure measurement. diastolic (second bp) [visit 1] [sitting blood pressure form, sbp]",mm[Hg],MeasurementObservation,bp_systolic,mm[Hg],JHS EXAM 1,phv00128355,,,,1,1,,0,0,0,,,,1,
jhs,diastolic blood pressure,phv00128375,pht001974,"q18. e. second blood pressure measurement. zero reading (second bp) [visit 1] [sitting blood pressure form, sbp]",,MeasurementObservation,bp_diastolic,mm[Hg],JHS EXAM 1,phv00128355,,,,1,1,,0,0,0,1,,,,
jhs,systolic blood pressure,phv00128375,pht001974,"q18. e. second blood pressure measurement. zero reading (second bp) [visit 1] [sitting blood pressure form, sbp]",,MeasurementObservation,bp_systolic,mm[Hg],JHS EXAM 1,phv00128355,,,,1,1,,0,0,0,1,,,,
jhs,systolic blood pressure,phv00128376,pht001974,"q19. f. computed net average of first and second blood pressure measurement. systolic (computed net average) [visit 1] [sitting blood pressure form, sbp]",mm[Hg],MeasurementObservation,bp_systolic,mm[Hg],JHS EXAM 1,phv00128355,,,,1,1,,0,0,0,,,,1,
jhs,diastolic blood pressure,phv00128377,pht001974,"q20. e. second blood pressure measurement. diastolic (computed net average) [visit 1] [sitting blood pressure form, sbp]",mm[Hg],MeasurementObservation,bp_diastolic,mm[Hg],JHS EXAM 1,phv00128355,,,,1,1,,0,0,0,,,,1,
jhs,systolic blood pressure,phv00400693,pht008719,5. b. measures. doppler systolic [visit 9] [ankle-brachial blood pressure],mm[Hg],MeasurementObservation,bp_systolic,mm[Hg],JHS EXAM 9,phv00400683,,,,1,1,,0,0,0,1,,,,GitHub issue 228
jhs,systolic blood pressure,phv00403813,pht008782,"q16. e. first random zero blood pressure measurement. systolic (1st random zero measurement) [visit 6] [sitting blood pressure form, sbp]",mm[Hg],MeasurementObservation,bp_systolic,mm[Hg],JHS EXAM 6,phv00403792,,,,1,1,,0,0,0,,,,1,
jhs,diastolic blood pressure,phv00403814,pht008782,"q17. e. first random zero blood pressure measurement. diastolic (1st random zero measurement) [visit 6] [sitting blood pressure form, sbp]",mm[Hg],MeasurementObservation,bp_diastolic,mm[Hg],JHS EXAM 6,phv00403792,,,,1,1,,0,0,0,,,,1,
jhs,systolic blood pressure,phv00403816,pht008782,"q19. f. second random zero blood pressure measurement. systolic (2nd random zero measurement) [visit 6] [sitting blood pressure form, sbp]",mm[Hg],MeasurementObservation,bp_systolic,mm[Hg],JHS EXAM 6,phv00403792,,,,1,1,,0,0,0,,,,1,
jhs,diastolic blood pressure,phv00403817,pht008782,"q20. f. second random zero blood pressure measurement. diastolic (2nd random zero measurement) [visit 6] [sitting blood pressure form, sbp]",mm[Hg],MeasurementObservation,bp_diastolic,mm[Hg],JHS EXAM 6,phv00403792,,,,1,1,,0,0,0,,,,1,
jhs,systolic blood pressure,phv00403819,pht008782,"q22. g. computed net average of first and second random zero blood pressure measurements. systolic (net average random zero measurement) [visit 6] [sitting blood pressure form, sbp]",mm[Hg],MeasurementObservation,bp_systolic,mm[Hg],JHS EXAM 6,phv00403792,,,,1,1,,0,0,0,,,,1,
jhs,diastolic blood pressure,phv00403820,pht008782,"q23. g. computed net average of first and second random zero blood pressure measurements. diastolic (net average random zero measurement) [visit 6] [sitting blood pressure form, sbp]",mm[Hg],MeasurementObservation,bp_diastolic,mm[Hg],JHS EXAM 6,phv00403792,,,,1,1,,0,0,0,,,,1,
jhs,systolic blood pressure,phv00403848,pht008783,"q13. e. first omron blood pressure measurement. systolic reading [visit 1] [sitting blood pressure form, sbp]",mm[Hg],MeasurementObservation,bp_systolic,mm[Hg],JHS EXAM 1,phv00403830,,,,1,1,,0,0,0,,,,1,
jhs,diastolic blood pressure,phv00403849,pht008783,"q14. e. first omron blood pressure measurement. diastolic reading [visit 1] [sitting blood pressure form, sbp]",mm[Hg],MeasurementObservation,bp_diastolic,mm[Hg],JHS EXAM 1,phv00403830,,,,1,1,,0,0,0,,,,1,
jhs,systolic blood pressure,phv00403851,pht008783,"q16. f. second omron blood pressure measurement. 2nd systolic reading [visit 1] [sitting blood pressure form, sbp]",mm[Hg],MeasurementObservation,bp_systolic,mm[Hg],JHS EXAM 1,phv00403830,,,,1,1,,0,0,0,,,,1,
jhs,diastolic blood pressure,phv00403852,pht008783,"q17. f. second omron blood pressure measurement. 2nd diastolic reading [visit 1] [sitting blood pressure form, sbp]",mm[Hg],MeasurementObservation,bp_diastolic,mm[Hg],JHS EXAM 1,phv00403830,,,,1,1,,0,0,0,,,,1,
jhs,systolic blood pressure,phv00403854,pht008783,"q19. g. computed net average of first and second omron blood pressure measurements. computed systolic [visit 1] [sitting blood pressure form, sbp]",mm[Hg],MeasurementObservation,bp_systolic,mm[Hg],JHS EXAM 1,phv00403830,,,,1,1,,0,0,0,,,,1,
jhs,diastolic blood pressure,phv00403855,pht008783,"q20. g. computed net average of first and second omron blood pressure measurements. computed diastolic [visit 1] [sitting blood pressure form, sbp]",mm[Hg],MeasurementObservation,bp_diastolic,mm[Hg],JHS EXAM 1,phv00403830,,,,1,1,,0,0,0,,,,1,
jhs,cac score,phv00401333,pht008730,coronary artery calcium score,{score},MeasurementObservation,cac_score,{score},JHS EXAM 2,phv00401273,,,,1,1,,0,0,0,1,,,1,values seem identical to raw data stored in another phv
jhs,cac score,phv00126002,pht001948,24. agatston score all coronary (does not include others),{score},MeasurementObservation,cac_score,{score},JHS EXAM 2,phv00126001,,,,1,1,,0,0,0,,,,1,
jhs,creatinine in urine,phv00403005,pht008759,urine creatinine: g/24hr,g/d,MeasurementObservation,creat_urin,mg/dL,JHS URINE,phv00403002,,,,1,1,,0,0,0,,,/ {phv00403006} * 100,,
jhs,creatinine in urine,phv00401149,pht008729,24-hour urine creatinine (g/24hr),g/d,MeasurementObservation,creat_urin,mg/dL,JHS EXAM 1,phv00401078,,,,1,1,,0,0,0,1,,,,"no data on urine volume for this derived var, so cannot be converted. Min and max values look identical to the raw var on another form"
jhs,c-reactive protein crp,phv00125940,pht001945,character results for hscrp [visit 1],,MeasurementObservation,crp,mg/L,JHS EXAM 6,phv00125925,,,,1,1,,0,0,0,1,,,,redundant with categorical var
jhs,eosinophils count,phv00127621,pht001959,eosin: diff measure % [visit 1],%,MeasurementObservation,eosinophil_ncnc_bld,10*3/uL,JHS EXAM 1,phv00127609,,,,1,1,,0,0,0,1,,,,
jhs,fev1 - forced expiratory volume in 1 sec,phv00401165,pht008729,fev1 % predicted,%,MeasurementObservation,fev1,L,JHS EXAM 1,phv00401078,,,,1,1,,0,0,0,1,,,,predicted values are out of scope
jhs,fev1 - forced expiratory volume in 1 sec,phv00128220,pht001969,"scnd_fev1 - forced expiratory volume in 1 second, fev1.0 from the 2nd best curve: measured in liters",L,MeasurementObservation,fev1,L,JHS PULMONARY,phv00128197,,,,1,1,,0,0,0,,,,1,
jhs,fev1 - forced expiratory volume in 1 sec,phv00128243,pht001969,derived fev1 % predicted,,MeasurementObservation,fev1,L,JHS PULMONARY,phv00128197,,,,1,1,,0,0,0,1,,,,predicted values are out of scope
jhs,fev1 - forced expiratory volume in 1 sec,phv00128230,pht001969,"thrd_fev1 - forced expiratory volume in 1 second, fev1.0 from the 3rd best curve: measured in liters",L,MeasurementObservation,fev1,L,JHS PULMONARY,phv00128197,,,,1,1,,0,0,0,,,,1,
jhs,fev1 - forced expiratory volume in 1 sec,phv00128210,pht001969,"best_fev1 - forced expiratory volume in 1 second, fev1.0 from the best curve: measured in liters",L,MeasurementObservation,fev1,L,JHS PULMONARY,phv00128197,,,,1,1,,0,0,0,,,,1,
jhs,fvc - forced vital capacity,phv00401166,pht008729,fvc % predicted,%,MeasurementObservation,fvc,L,JHS EXAM 1,phv00401078,,,,1,1,,0,0,0,1,,,,predicted values are out of scope
jhs,fvc - forced vital capacity,phv00128242,pht001969,derived fvc % predicted,,MeasurementObservation,fvc,L,JHS PULMONARY,phv00128197,,,,1,1,,0,0,0,1,,,,predicted values are out of scope
jhs,fvc - forced vital capacity,phv00128219,pht001969,scnd_fvc - best forced vital capacity from 2nd best curve (second best curve is second highest [fvc + fev1 ] ): measured in liters,L,MeasurementObservation,fvc,L,JHS PULMONARY,phv00128197,,,,1,1,,0,0,0,,,,1,
jhs,fvc - forced vital capacity,phv00128229,pht001969,thrd_fvc - best forced vital capacity from 3rd best curve (third best curve is third highest [ fvc + fev1 ] ): measured in liters,L,MeasurementObservation,fvc,L,JHS PULMONARY,phv00128197,,,,1,1,,0,0,0,,,,1,
jhs,fvc - forced vital capacity,phv00128209,pht001969,best_fvc - best forced vital capacity from best curve (best curve is an acceptable curve that has max [fvc + fev1 ] ): measured in liters,L,MeasurementObservation,fvc,L,JHS PULMONARY,phv00128197,,,,1,1,,0,0,0,,,,1,
jhs,hemoglobin a1c,phv00401127,pht008729,ifcc hemoglobin a1c (mmol/mol),mmol/mol,MeasurementObservation,hemo_a1c,%,JHS EXAM 1,phv00401078,,,,1,1,,0,0,0,1,,,,
jhs,hemoglobin a1c,phv00401418,pht008731,ifcc hemoglobin a1c (mmol/mol),mmol/mol,MeasurementObservation,hemo_a1c,%,JHS EXAM 3,phv00401370,,,,1,1,,0,0,0,1,,,,
jhs,hemoglobin a1c,phv00401316,pht008730,ifcc hemoglobin a1c (mmol/mol),mmol/mol,MeasurementObservation,hemo_a1c,%,JHS EXAM 2,phv00401273,,,,1,1,,0,0,0,1,,,,
jhs,heart rate,phv00403856,pht008783,"q21. g. computed net average of first and second omron blood pressure measurements. computed heart rate [visit 1] [sitting blood pressure form, sbp]",{beats}/min,MeasurementObservation,hrtrt,{beats}/min,JHS EXAM 1,phv00403830,,,,1,1,,0,0,0,1,,,1,
jhs,heart rate,phv00403806,pht008782,"q10. c. preliminary measurement. heart rate in 30 seconds [visit 6] [sitting blood pressure form, sbp]",{beats}/min,MeasurementObservation,hrtrt,{beats}/min,JHS EXAM 6,phv00403792,,,,1,1,,0,0,0,,,* 2,1,
jhs,heart rate,phv00124610,pht001922,heart rate [visit 1],{beats}/min,MeasurementObservation,hrtrt,{beats}/min,JHS EXAM 1,phv00124604,,,,1,1,,0,0,0,1,,,1,lots of zero values
jhs,heart rate,phv00403844,pht008783,"q10. c. preliminary measurements. heart rate (30 seconds) [visit 1] [sitting blood pressure form, sbp]",{beats}/min,MeasurementObservation,hrtrt,{beats}/min,JHS EXAM 1,phv00403830,,,,1,1,,0,0,0,,,* 2,1,
jhs,heart rate,phv00127511,pht001955,heart rate during mitral inflow doppler study [visit 1],{beats}/min,MeasurementObservation,hrtrt,{beats}/min,JHS EXAM 1,phv00127457,,,,1,1,,0,0,0,,,,1,
jhs,heart rate,phv00128364,pht001974,"q8. c. preliminary measurements. heart rate (30 sec) [visit 1] [sitting blood pressure form, sbp]",{beats}/min,MeasurementObservation,hrtrt,{beats}/min,JHS EXAM 1,phv00128355,,,,1,1,,0,0,0,,,* 2,1,
jhs,heart rate,phv00403850,pht008783,"q15. e. first omron blood pressure measurement. heart rate reading [visit 1] [sitting blood pressure form, sbp]",{beats}/min,MeasurementObservation,hrtrt,{beats}/min,JHS EXAM 1,phv00403830,,,,1,1,,0,0,0,,,,1,
jhs,heart rate,phv00127504,pht001955,heart rate during aortic outflow doppler study [visit 1],{beats}/min,MeasurementObservation,hrtrt,{beats}/min,JHS EXAM 1,phv00127457,,,,1,1,,0,0,0,,,,1,
jhs,heart rate,phv00403853,pht008783,"q18. f. second omron blood pressure measurement. 2nd heart rate reading [visit 1] [sitting blood pressure form, sbp]",{beats}/min,MeasurementObservation,hrtrt,{beats}/min,JHS EXAM 1,phv00403830,,,,1,1,,0,0,0,,,,1,
jhs,insulin in blood,phv00125954,pht001945,insulin: the concentration of insulin in iu/ml [visit 1],[IU]/mL,MeasurementObservation,insulin_blood,pmol/L,JHS EXAM 6,phv00125925,,,,1,1,,0,0,0,,,,,
jhs,mean corpuscular hemoglobin,phv00127623,pht001959,mch pg [visit 1],pg/{cell},MeasurementObservation,mch,pg/{cell},JHS EXAM 1,phv00127609,,,,1,1,,0,0,0,,,,1,units inferred
jhs,mean corpuscular hemoglobin concentration,phv00127624,pht001959,mchc % [visit 1],%,MeasurementObservation,mchc,g/dL,JHS EXAM 1,phv00127609,,,,1,1,,0,0,0,,,,,units are equivalent for this entity
jhs,mean corpuscular volume,phv00127625,pht001959,mcv fl [visit 1],fL,MeasurementObservation,mcv,fL,JHS EXAM 1,phv00127609,,,,1,1,,0,0,0,,,,1,
jhs,monocytes count,phv00127626,pht001959,monos: diff % [visit 1],%,MeasurementObservation,monocyte_ncnc_bld,10*3/uL,JHS EXAM 1,phv00127609,,,,1,1,,0,0,0,1,,,,
jhs,neutrophils count,phv00127632,pht001959,bands: diff measure % [visit 1],%,MeasurementObservation,neutro_ct,10*3/uL,JHS EXAM 1,phv00127609,,,,1,1,,0,0,0,1,,,,
jhs,neutrophils count,phv00127630,pht001959,segs: diff measure % [visit 1],%,MeasurementObservation,neutro_ct,10*3/uL,JHS EXAM 1,phv00127609,,,,1,1,,0,0,0,1,,,,
jhs,mean platelet volume,phv00127627,pht001959,mpv fl [visit 1],fL,MeasurementObservation,pmv,fL,JHS EXAM 1,phv00127609,,,,1,1,,0,0,0,,,,1,
jhs,pr interval,phv00402212,pht008746,prduravl - pr duration in lead avl [visit 1],ms,MeasurementObservation,pr_ekg,ms,JHS EXAM 1,phv00402039,,,,1,1,,0,0,0,,,,1,units inferred
jhs,pr interval,phv00402217,pht008746,prdurv4 - pr duration in lead v4 [visit 1],ms,MeasurementObservation,pr_ekg,ms,JHS EXAM 1,phv00402039,,,,1,1,,0,0,0,,,,1,units inferred
jhs,pr interval,phv00402216,pht008746,prdurv3 - pr duration in lead v3 [visit 1],ms,MeasurementObservation,pr_ekg,ms,JHS EXAM 1,phv00402039,,,,1,1,,0,0,0,,,,1,units inferred
jhs,pr interval,phv00402209,pht008746,prdurii - pr duration in lead ii [visit 1],ms,MeasurementObservation,pr_ekg,ms,JHS EXAM 1,phv00402039,,,,1,1,,0,0,0,,,,1,units inferred
jhs,pr interval,phv00402219,pht008746,prdurv6 - pr duration in lead v6 [visit 1],ms,MeasurementObservation,pr_ekg,ms,JHS EXAM 1,phv00402039,,,,1,1,,0,0,0,,,,1,units inferred
jhs,pr interval,phv00402213,pht008746,prduravf - pr duration in lead avf [visit 1],ms,MeasurementObservation,pr_ekg,ms,JHS EXAM 1,phv00402039,,,,1,1,,0,0,0,,,,1,units inferred
jhs,pr interval,phv00402215,pht008746,prdurv2 - pr duration in lead v2 [visit 1],ms,MeasurementObservation,pr_ekg,ms,JHS EXAM 1,phv00402039,,,,1,1,,0,0,0,,,,1,units inferred
jhs,pr interval,phv00402214,pht008746,prdurv1 - pr duration in lead v1 [visit 1],ms,MeasurementObservation,pr_ekg,ms,JHS EXAM 1,phv00402039,,,,1,1,,0,0,0,,,,1,units inferred
jhs,pr interval,phv00402208,pht008746,prduri - pr duration in lead i [visit 1],ms,MeasurementObservation,pr_ekg,ms,JHS EXAM 1,phv00402039,,,,1,1,,0,0,0,,,,1,units inferred
jhs,pr interval,phv00402211,pht008746,prduravr - pr duration in lead avr [visit 1],ms,MeasurementObservation,pr_ekg,ms,JHS EXAM 1,phv00402039,,,,1,1,,0,0,0,,,,1,units inferred
jhs,pr interval,phv00402210,pht008746,prduriii - pr duration in lead iii [visit 1],ms,MeasurementObservation,pr_ekg,ms,JHS EXAM 1,phv00402039,,,,1,1,,0,0,0,,,,1,units inferred
jhs,pr interval,phv00402218,pht008746,prdurv5 - pr duration in lead v5 [visit 1],ms,MeasurementObservation,pr_ekg,ms,JHS EXAM 1,phv00402039,,,,1,1,,0,0,0,,,,1,units inferred
jhs,qrs interval,phv00402345,pht008746,qrsdavf - qrs duration in lead avf [visit 1],ms,MeasurementObservation,qrs_ekg,ms,JHS EXAM 1,phv00402039,,,,1,1,,0,0,0,,,,1,units inferred
jhs,qrs interval,phv00402346,pht008746,qrsdv1 - qrs duration in lead v1 [visit 1],ms,MeasurementObservation,qrs_ekg,ms,JHS EXAM 1,phv00402039,,,,1,1,,0,0,0,,,,1,units inferred
jhs,qrs interval,phv00402344,pht008746,qrsdavl - qrs duration in lead avl [visit 1],ms,MeasurementObservation,qrs_ekg,ms,JHS EXAM 1,phv00402039,,,,1,1,,0,0,0,,,,1,units inferred
jhs,qrs interval,phv00402343,pht008746,qrsdavr - qrs duration in lead avr [visit 1],ms,MeasurementObservation,qrs_ekg,ms,JHS EXAM 1,phv00402039,,,,1,1,,0,0,0,,,,1,units inferred
jhs,qrs interval,phv00402341,pht008746,qrsdii - qrs duration in lead ii [visit 1],ms,MeasurementObservation,qrs_ekg,ms,JHS EXAM 1,phv00402039,,,,1,1,,0,0,0,,,,1,units inferred
jhs,qrs interval,phv00402342,pht008746,qrsdiii - qrs duration in lead iii [visit 1],ms,MeasurementObservation,qrs_ekg,ms,JHS EXAM 1,phv00402039,,,,1,1,,0,0,0,,,,1,units inferred
jhs,qrs interval,phv00402047,pht008746,qrs duration,,MeasurementObservation,qrs_ekg,ms,JHS EXAM 1,phv00402039,,,,1,1,,0,0,0,1,,,1,something wrong with these values
jhs,qrs interval,phv00402348,pht008746,qrsdv3 - qrs duration in lead v3 [visit 1],ms,MeasurementObservation,qrs_ekg,ms,JHS EXAM 1,phv00402039,,,,1,1,,0,0,0,,,,1,units inferred
jhs,qrs interval,phv00402349,pht008746,qrsdv4 - qrs duration in lead v4 [visit 1],ms,MeasurementObservation,qrs_ekg,ms,JHS EXAM 1,phv00402039,,,,1,1,,0,0,0,,,,1,units inferred
jhs,qrs interval,phv00402350,pht008746,qrsdv5 - qrs duration in lead v5 [visit 1],ms,MeasurementObservation,qrs_ekg,ms,JHS EXAM 1,phv00402039,,,,1,1,,0,0,0,,,,1,units inferred
jhs,qrs interval,phv00402081,pht008746,qrsdur - qrs duration [visit 1],ms,MeasurementObservation,qrs_ekg,ms,JHS EXAM 1,phv00402039,,,,1,1,,0,0,0,,,,1,units inferred
jhs,qrs interval,phv00402351,pht008746,qrsdv6 - qrs duration in lead v6 [visit 1],ms,MeasurementObservation,qrs_ekg,ms,JHS EXAM 1,phv00402039,,,,1,1,,0,0,0,,,,1,units inferred
jhs,qrs interval,phv00402340,pht008746,qrsdi - qrs duration in lead i [visit 1],ms,MeasurementObservation,qrs_ekg,ms,JHS EXAM 1,phv00402039,,,,1,1,,0,0,0,,,,1,units inferred
jhs,qrs interval,phv00402347,pht008746,qrsdv2 - qrs duration in lead v2 [visit 1],ms,MeasurementObservation,qrs_ekg,ms,JHS EXAM 1,phv00402039,,,,1,1,,0,0,0,,,,1,units inferred
jhs,qt interval,phv00402085,pht008746,qtdur - qt duration [visit 1],ms,MeasurementObservation,qt_ekg,ms,JHS EXAM 1,phv00402039,,,,1,1,,0,0,0,,,,1,units inferred
jhs,red cell distribution width,phv00127628,pht001959,rdw [visit 1],,MeasurementObservation,rdw,%,JHS EXAM 1,phv00127609,,,,1,1,,0,0,0,1,,,,no data was collected for this variable
jhs,total cholesterol in blood,phv00401352,pht008730,aha total cholesterol categorization,,MeasurementObservation,tot_chol_bld,mg/dL,JHS EXAM 2,phv00401273,,,,1,1,,0,0,0,1,,,,
jhs,total cholesterol in blood,phv00401484,pht008731,aha total cholesterol categorization,,MeasurementObservation,tot_chol_bld,mg/dL,JHS EXAM 3,phv00401370,,,,1,1,,0,0,0,1,,,,
jhs,total cholesterol in blood,phv00401241,pht008729,aha total cholesterol categorization,,MeasurementObservation,tot_chol_bld,mg/dL,JHS EXAM 1,phv00401078,,,,1,1,,0,0,0,1,,,,
jhs,triglycerides in blood,phv00401140,pht008729,fasting triglyceride categorization,,MeasurementObservation,triglyc_bld,mg/dL,JHS EXAM 1,phv00401078,,,,1,1,,0,0,0,1,,,,
jhs,triglycerides in blood,phv00401431,pht008731,fasting triglyceride categorization,,MeasurementObservation,triglyc_bld,mg/dL,JHS EXAM 3,phv00401370,,,,1,1,,0,0,0,1,,,,
jhs,triglycerides in blood,phv00401326,pht008730,fasting triglyceride categorization,,MeasurementObservation,triglyc_bld,mg/dL,JHS EXAM 2,phv00401273,,,,1,1,,0,0,0,1,,,,
jhs,body weight,phv00402807,pht008753,20.what did you weigh when you were age 18,[lb_av],MeasurementObservation,bdy_wgt,,JHS Exam 2,phv00402777,,,,,,,,,,,1,,,added per GitHub issue 314
