cohort,bdchm_label,phv,pht,var_desc,var_units,bdchm_entity,bdchm_varname,bdchm_unit,associatedvisit,participantidphv,has_pht,has_onto,unit_match,unit_convert,unit_expr,row_good,bad_map,add_map,expr,add_var_units,note
cardia,albumin creatinine ratio in urine,phv00119620,pht001803,alb/creat ratio (mg/g): 1000(ualb/ucret),mg/g{creat},MeasurementObservation,albumin_creatinine,mg/g{creat},CARDIA YEAR 10,phv00119617,1,1,,0,0,0,,,,1,
cardia,albumin creatinine ratio in urine,phv00120677,pht001849,"undetectable albuminuria, 1=undetectable",,MeasurementObservation,albumin_creatinine,mg/g{creat},CARDIA YEAR 15,phv00120674,1,1,,0,0,0,1,,,,
cardia,albumin creatinine ratio in urine,phv00120679,pht001849,alb/creat ratio (mg/g) 1000*(ualb/ucret),mg/g{creat},MeasurementObservation,albumin_creatinine,mg/g{creat},CARDIA YEAR 15,phv00120674,1,1,,0,0,0,,,,1,
cardia,albumin in blood,phv00119464,pht001794,"albumin sample, 3 ml. q 9",,MeasurementObservation,albumin_bld,g/dL,CARDIA YEAR 10,phv00119451,1,1,,0,0,0,1,,,,
cardia,albumin in blood,phv00119467,pht001794,"albumin qc sample, 3 ml. q 10",,MeasurementObservation,albumin_bld,g/dL,CARDIA YEAR 10,phv00119451,1,1,,0,0,0,1,,,,
cardia,albumin in urine,phv00120678,pht001849,urinary albumin,mg/dL,MeasurementObservation,albumin_urine,mg/L,CARDIA YEAR 15,phv00120674,1,1,,0,0,0,,,,1,
cardia,alcohol,phv00112862,pht001565,beer and ales,{servings}/d,MeasurementObservation,alcohol_servings,{#}/wk,CARDIA YEAR 0,phv00112709,1,1,,0,0,0,,,,1,manually fixed
cardia,alcohol,phv00112863,pht001565,cordial and liqueur,{servings}/d,MeasurementObservation,alcohol_servings,{#}/wk,CARDIA YEAR 0,phv00112709,1,1,,0,0,0,,,,1,manually fixed
cardia,alcohol,phv00112864,pht001565,distilled liquor,{servings}/d,MeasurementObservation,alcohol_servings,{#}/wk,CARDIA YEAR 0,phv00112709,1,1,,0,0,0,,,,1,manually fixed
cardia,alcohol,phv00112865,pht001565,wine,{servings}/d,MeasurementObservation,alcohol_servings,{#}/wk,CARDIA YEAR 0,phv00112709,1,1,,0,0,0,,,,1,manually fixed
cardia,alcohol,phv00112877,pht001566,major food group for alcohol,,MeasurementObservation,alcohol_servings,{#}/wk,CARDIA YEAR 0,phv00112876,1,1,,0,0,0,1,,,,"nothing in CARDIA doc about what this variable means, it's units, or how it was derived"
cardia,alcohol,phv00112959,pht001568,flag for drinker. q 1,,MeasurementObservation,alcohol_servings,{#}/wk,CARDIA YEAR 0,phv00112958,1,1,,0,0,0,1,,,,"for this pht, sum: phv00112961 + phv00112962 + phv00112960"
cardia,alcohol,phv00112960,pht001568,drinks of wine/week. q 2,{servings}/wk,MeasurementObservation,alcohol_servings,{#}/wk,CARDIA YEAR 0,phv00112958,1,1,1,0,0,1,,,,,manually fixed
cardia,alcohol,phv00112961,pht001568,drinks of beer/week. q 3,{servings}/wk,MeasurementObservation,alcohol_servings,{#}/wk,CARDIA YEAR 0,phv00112958,1,1,1,0,0,1,,,,,manually fixed
cardia,alcohol,phv00112962,pht001568,drinks of liquor/week. q 4,{servings}/wk,MeasurementObservation,alcohol_servings,{#}/wk,CARDIA YEAR 0,phv00112958,1,1,1,0,0,1,,,,,manually fixed
cardia,alcohol,phv00112963,pht001568,drinks during past 24 hrs. q 5,{servings}/d,MeasurementObservation,alcohol_servings,{#}/wk,CARDIA YEAR 0,phv00112958,1,1,,1,0,1,1,,,,
cardia,alcohol,phv00112966,pht001568,"has pt had alcohol>once/twice, past yr? q 8",,MeasurementObservation,alcohol_servings,{#}/wk,CARDIA YEAR 0,phv00112958,1,1,,0,0,0,1,,,,
cardia,alcohol,phv00112968,pht001568,usu # drinks/wk bef pt stopped drinking. q 10,,MeasurementObservation,alcohol_servings,{#}/wk,CARDIA YEAR 0,phv00112958,1,1,,0,0,0,1,,,,
cardia,alcohol,phv00112969,pht001568,previously drank wine (2=yes). q 11,,MeasurementObservation,alcohol_servings,{#}/wk,CARDIA YEAR 0,phv00112958,1,1,,0,0,0,1,,,,
cardia,alcohol,phv00112970,pht001568,previously drank beer (2=yes). q 11,,MeasurementObservation,alcohol_servings,{#}/wk,CARDIA YEAR 0,phv00112958,1,1,,0,0,0,1,,,,
cardia,alcohol,phv00112971,pht001568,previously drank liquor (2=yes). q 11,,MeasurementObservation,alcohol_servings,{#}/wk,CARDIA YEAR 0,phv00112958,1,1,,0,0,0,1,,,,
cardia,alcohol,phv00112972,pht001568,previously drank other (2=yes). q 11,,MeasurementObservation,alcohol_servings,{#}/wk,CARDIA YEAR 0,phv00112958,1,1,,0,0,0,1,,,,
cardia,alcohol,phv00112974,pht001568,ml of alcohol/day,mL/d,MeasurementObservation,alcohol_servings,{#}/wk,CARDIA YEAR 0,phv00112958,1,1,,0,1,1,1,,,,
cardia,alcohol,phv00113830,pht001591,alcohol (gm),g/mo,MeasurementObservation,alcohol_servings,{#}/wk,CARDIA YEAR 0,phv00113813,1,1,,0,1,1,1,,,,
cardia,alcohol,phv00113924,pht001592,alcohol (gm),g/mo,MeasurementObservation,alcohol_servings,{#}/wk,CARDIA YEAR 0,phv00113907,1,1,,0,1,1,1,,,,
cardia,alcohol,phv00114305,pht001600,mean ml of absolute alcohol consumption,,MeasurementObservation,alcohol_servings,{#}/wk,CARDIA YEAR 2,phv00114304,1,1,,0,0,0,1,,,,
cardia,alcohol,phv00114306,pht001600,drinker. q 1,,MeasurementObservation,alcohol_servings,{#}/wk,CARDIA YEAR 2,phv00114304,1,1,,0,0,0,1,,,,
cardia,alcohol,phv00114307,pht001600,drinks wine/week. q 2,{servings}/wk,MeasurementObservation,alcohol_servings,{#}/wk,CARDIA YEAR 2,phv00114304,1,1,,0,0,0,,,,1,manually fixed
cardia,alcohol,phv00114308,pht001600,drinks beer/week. q 3,{servings}/wk,MeasurementObservation,alcohol_servings,{#}/wk,CARDIA YEAR 2,phv00114304,1,1,,0,0,0,,,,1,manually fixed
cardia,alcohol,phv00114309,pht001600,drinks liquor/week. q 4,{servings}/wk,MeasurementObservation,alcohol_servings,{#}/wk,CARDIA YEAR 2,phv00114304,1,1,,0,0,0,,,,1,manually fixed
cardia,alcohol,phv00114310,pht001600,drinks in past 24 hrs. q5,,MeasurementObservation,alcohol_servings,{#}/wk,CARDIA YEAR 2,phv00114304,1,1,,0,0,0,1,,,,
cardia,alcohol,phv00114313,pht001600,drank more than once in past yr. q 8,,MeasurementObservation,alcohol_servings,{#}/wk,CARDIA YEAR 2,phv00114304,1,1,,0,0,0,1,,,,
cardia,alcohol,phv00114314,pht001600,years ago stopped drinking. q 9,,MeasurementObservation,alcohol_servings,{#}/wk,CARDIA YEAR 2,phv00114304,1,1,,0,0,0,1,,,,
cardia,alcohol,phv00114315,pht001600,usual number of drinks. q 10,,MeasurementObservation,alcohol_servings,{#}/wk,CARDIA YEAR 2,phv00114304,1,1,,0,0,0,1,,,,
cardia,alcohol,phv00114316,pht001600,past consumption of wine. q 11,,MeasurementObservation,alcohol_servings,{#}/wk,CARDIA YEAR 2,phv00114304,1,1,,0,0,0,1,,,,
cardia,alcohol,phv00114317,pht001600,past consumption of beer. q 11,,MeasurementObservation,alcohol_servings,{#}/wk,CARDIA YEAR 2,phv00114304,1,1,,0,0,0,1,,,,
cardia,alcohol,phv00115415,pht001655,mean ml of alcohol consumption per day,{servings}/d,MeasurementObservation,alcohol_servings,{#}/wk,CARDIA YEAR 5,phv00115414,1,1,,1,0,1,1,,,,
cardia,alcohol,phv00115416,pht001655,drinker. q 1,,MeasurementObservation,alcohol_servings,{#}/wk,CARDIA YEAR 5,phv00115414,1,1,,0,0,0,1,,,,
cardia,alcohol,phv00115417,pht001655,drinks wine/week. q 2,{servings}/wk,MeasurementObservation,alcohol_servings,{#}/wk,CARDIA YEAR 5,phv00115414,1,1,,0,0,0,,,,1,manually fixed
cardia,alcohol,phv00115418,pht001655,drinks beer/week. q 3,{servings}/wk,MeasurementObservation,alcohol_servings,{#}/wk,CARDIA YEAR 5,phv00115414,1,1,,0,0,0,,,,1,manually fixed
cardia,alcohol,phv00115419,pht001655,drinks liquor/week. q 4,{servings}/wk,MeasurementObservation,alcohol_servings,{#}/wk,CARDIA YEAR 5,phv00115414,1,1,,0,0,0,,,,1,manually fixed
cardia,alcohol,phv00115420,pht001655,drinks in past 24 hrs. q 5,,MeasurementObservation,alcohol_servings,{#}/wk,CARDIA YEAR 5,phv00115414,1,1,,0,0,0,1,,,,
cardia,alcohol,phv00115421,pht001655,"most drinks/day, last month. q 6",,MeasurementObservation,alcohol_servings,{#}/wk,CARDIA YEAR 5,phv00115414,1,1,,0,0,0,1,,,,
cardia,alcohol,phv00115422,pht001655,number of days had c07numdr. q 7,d,MeasurementObservation,alcohol_servings,{#}/wk,CARDIA YEAR 5,phv00115414,1,1,,0,0,0,1,,,,
cardia,alcohol,phv00116914,pht001712,beer and ales,{servings}/d,MeasurementObservation,alcohol_servings,{#}/wk,CARDIA YEAR 7,phv00116761,1,1,,0,0,0,,,,1,manually fixed
cardia,alcohol,phv00116915,pht001712,cordial and liqueur,{servings}/d,MeasurementObservation,alcohol_servings,{#}/wk,CARDIA YEAR 7,phv00116761,1,1,,0,0,0,,,,1,manually fixed
cardia,alcohol,phv00116916,pht001712,distilled liquor,{servings}/d,MeasurementObservation,alcohol_servings,{#}/wk,CARDIA YEAR 7,phv00116761,1,1,,0,0,0,,,,1,manually fixed
cardia,alcohol,phv00116917,pht001712,wine,{servings}/d,MeasurementObservation,alcohol_servings,{#}/wk,CARDIA YEAR 7,phv00116761,1,1,,0,0,0,,,,1,manually fixed
cardia,alcohol,phv00116929,pht001713,major food group for alcohol,,MeasurementObservation,alcohol_servings,{#}/wk,CARDIA YEAR 7,phv00116928,1,1,,0,0,0,1,,,,"nothing in CARDIA doc about what this variable means, it's units, or how it was derived"
cardia,alcohol,phv00116946,pht001714,drinker. q 1,,MeasurementObservation,alcohol_servings,{#}/wk,CARDIA YEAR 7,phv00116945,1,1,,0,0,0,1,,,,
cardia,alcohol,phv00116947,pht001714,drinks wine/week. q 2,{servings}/wk,MeasurementObservation,alcohol_servings,{#}/wk,CARDIA YEAR 7,phv00116945,1,1,,0,0,0,,,,1,manually fixed
cardia,alcohol,phv00116948,pht001714,drinks beer/week. q 3,{servings}/wk,MeasurementObservation,alcohol_servings,{#}/wk,CARDIA YEAR 7,phv00116945,1,1,,0,0,0,,,,1,manually fixed
cardia,alcohol,phv00116949,pht001714,drinks liquor/week. q 4,{servings}/wk,MeasurementObservation,alcohol_servings,{#}/wk,CARDIA YEAR 7,phv00116945,1,1,,0,0,0,,,,1,manually fixed
cardia,alcohol,phv00116950,pht001714,drinks in past 24 hrs. q 5,,MeasurementObservation,alcohol_servings,{#}/wk,CARDIA YEAR 7,phv00116945,1,1,,0,0,0,1,,,,
cardia,alcohol,phv00116951,pht001714,"most drinks/day, last month. q 6",,MeasurementObservation,alcohol_servings,{#}/wk,CARDIA YEAR 7,phv00116945,1,1,,0,0,0,1,,,,
cardia,alcohol,phv00116952,pht001714,mean ml of alcohol consumption per day,{servings}/d,MeasurementObservation,alcohol_servings,{#}/wk,CARDIA YEAR 7,phv00116945,1,1,,1,0,1,1,,,,
cardia,alcohol,phv00117620,pht001745,alcohol (gm),g/mo,MeasurementObservation,alcohol_servings,{#}/wk,CARDIA YEAR 7,phv00117593,1,1,,0,1,1,1,,,,
cardia,alcohol,phv00117734,pht001746,alcohol (gm),g/mo,MeasurementObservation,alcohol_servings,{#}/wk,CARDIA YEAR 7,phv00117707,1,1,,0,1,1,1,,,,
cardia,alcohol,phv00118417,pht001760,drinker. q 1,,MeasurementObservation,alcohol_servings,{#}/wk,CARDIA YEAR 10,phv00118416,1,1,,0,0,0,1,,,,
cardia,alcohol,phv00118418,pht001760,drinks wine/week. q 2,{servings}/wk,MeasurementObservation,alcohol_servings,{#}/wk,CARDIA YEAR 10,phv00118416,1,1,,0,0,0,,,,1,manually fixed
cardia,alcohol,phv00118419,pht001760,drinks beer/week. q 3,{servings}/wk,MeasurementObservation,alcohol_servings,{#}/wk,CARDIA YEAR 10,phv00118416,1,1,,0,0,0,,,,1,manually fixed
cardia,alcohol,phv00118420,pht001760,drinks liquor/week. q 4,{servings}/wk,MeasurementObservation,alcohol_servings,{#}/wk,CARDIA YEAR 10,phv00118416,1,1,,0,0,0,,,,1,manually fixed
cardia,alcohol,phv00118421,pht001760,drinks in past 24 hrs. q 5,,MeasurementObservation,alcohol_servings,{#}/wk,CARDIA YEAR 10,phv00118416,1,1,,0,0,0,1,,,,
cardia,alcohol,phv00118422,pht001760,"most drinks/day, last month. q 6",,MeasurementObservation,alcohol_servings,{#}/wk,CARDIA YEAR 10,phv00118416,1,1,,0,0,0,1,,,,
cardia,alcohol,phv00118425,pht001760,mean ml of alcohol consumption per day,{servings}/d,MeasurementObservation,alcohol_servings,{#}/wk,CARDIA YEAR 10,phv00118416,1,1,,1,0,1,1,,,,
cardia,alcohol,phv00119513,pht001795,alcohol in past 24 hrs?,,MeasurementObservation,alcohol_servings,{#}/wk,CARDIA YEAR 10,phv00119471,1,1,,0,0,0,1,,,,
cardia,alcohol,phv00119514,pht001795,beers in past 24 hrs,,MeasurementObservation,alcohol_servings,{#}/wk,CARDIA YEAR 10,phv00119471,1,1,,0,0,0,1,,,,
cardia,alcohol,phv00119515,pht001795,wine in past 24 hrs,,MeasurementObservation,alcohol_servings,{#}/wk,CARDIA YEAR 10,phv00119471,1,1,,0,0,0,1,,,,
cardia,alcohol,phv00119516,pht001795,liquor in past 24 hrs,,MeasurementObservation,alcohol_servings,{#}/wk,CARDIA YEAR 10,phv00119471,1,1,,0,0,0,1,,,,
cardia,alcohol,phv00119800,pht001810,mean ml of alcohol consumption per day,{servings}/d,MeasurementObservation,alcohol_servings,{#}/wk,CARDIA YEAR 15,phv00119790,1,1,,1,0,1,1,,,,
cardia,alcohol,phv00120701,pht001850,did you drink alcohol,,MeasurementObservation,alcohol_servings,{#}/wk,CARDIA YEAR 15,phv00120680,1,1,,0,0,0,1,,,,
cardia,alcohol,phv00120702,pht001850,type of alcohol,,MeasurementObservation,alcohol_servings,{#}/wk,CARDIA YEAR 15,phv00120680,1,1,,0,0,0,1,,,,
cardia,alcohol,phv00120703,pht001850,number of drinks,,MeasurementObservation,alcohol_servings,{#}/wk,CARDIA YEAR 15,phv00120680,1,1,,0,0,0,1,,,,
cardia,basophils count,phv00112686,pht001563,white cell count (x 1000),,MeasurementObservation,basophil_ncnc_bld,10*3/uL,CARDIA YEAR 0,phv00112654,1,1,,0,0,0,1,,,,
cardia,basophils count,phv00112696,pht001563,basophils (%),%,MeasurementObservation,basophil_ncnc_bld,10*3/uL,CARDIA YEAR 0,phv00112654,1,1,,0,0,0,1,,/100 * {phv00112686},,GitHub issue 233
cardia,body weight,phv00117442,pht001725,ppt weight during exam 3,[lb_av],MeasurementObservation,bdy_wgt,kg,CARDIA YEAR 7,phv00117441,1,1,,0,0,0,,,,1,
cardia,body weight,phv00117443,pht001725,ppt weight during exam 4,[lb_av],MeasurementObservation,bdy_wgt,kg,CARDIA YEAR 7,phv00117441,1,1,,0,0,0,,,,1,
cardia,body weight,phv00117926,pht001749,weight - mon 96,[lb_av],MeasurementObservation,bdy_wgt,kg,CARDIA YEAR 7,phv00117898,1,1,,0,0,0,,,,1,
cardia,body weight,phv00119261,pht001790,ppt weight during exam 4. q 2,[lb_av],MeasurementObservation,bdy_wgt,kg,CARDIA YEAR 10,phv00119258,1,1,,0,0,0,,,,1,
cardia,body weight,phv00119262,pht001790,ppt weight during exam 5. q 2,[lb_av],MeasurementObservation,bdy_wgt,kg,CARDIA YEAR 10,phv00119258,1,1,,0,0,0,,,,1,
cardia,cac score,phv00118019,pht001754,total: agatston score,,MeasurementObservation,cac_score,{score},CARDIA YEAR 10,phv00118009,1,1,,0,0,0,1,,,,
cardia,cac score,phv00120784,pht001854,scan 1 artery 1 unadjusted agatston score,,MeasurementObservation,cac_score,{score},CARDIA YEAR 15,phv00120763,1,1,,0,0,0,1,,,,
cardia,cac score,phv00120785,pht001854,scan 1 artery 2 unadjusted agatston score,,MeasurementObservation,cac_score,{score},CARDIA YEAR 15,phv00120763,1,1,,0,0,0,1,,,,
cardia,cac score,phv00120786,pht001854,scan 1 artery 3 unadjusted agatston score,,MeasurementObservation,cac_score,{score},CARDIA YEAR 15,phv00120763,1,1,,0,0,0,1,,,,
cardia,cac score,phv00120787,pht001854,scan 1 artery 4 unadjusted agatston score,,MeasurementObservation,cac_score,{score},CARDIA YEAR 15,phv00120763,1,1,,0,0,0,1,,,,
cardia,cac score,phv00120812,pht001854,scan 1 artery 1 adjusted agatston score,,MeasurementObservation,cac_score,{score},CARDIA YEAR 15,phv00120763,1,1,,0,0,0,1,,,,
cardia,cac score,phv00120813,pht001854,scan 1 artery 2 adjusted agatston score,,MeasurementObservation,cac_score,{score},CARDIA YEAR 15,phv00120763,1,1,,0,0,0,1,,,,
cardia,cac score,phv00120814,pht001854,scan 1 artery 3 adjusted agatston score,,MeasurementObservation,cac_score,{score},CARDIA YEAR 15,phv00120763,1,1,,0,0,0,1,,,,
cardia,cac score,phv00120815,pht001854,scan 1 artery 4 adjusted agatston score,,MeasurementObservation,cac_score,{score},CARDIA YEAR 15,phv00120763,1,1,,0,0,0,1,,,,
cardia,cac score,phv00120842,pht001854,scan 2 artery 1 unadjusted agatston score,,MeasurementObservation,cac_score,{score},CARDIA YEAR 15,phv00120763,1,1,,0,0,0,1,,,,
cardia,cac score,phv00120843,pht001854,scan 2 artery 2 unadjusted agatston score,,MeasurementObservation,cac_score,{score},CARDIA YEAR 15,phv00120763,1,1,,0,0,0,1,,,,
cardia,cac score,phv00120844,pht001854,scan 2 artery 3 unadjusted agatston score,,MeasurementObservation,cac_score,{score},CARDIA YEAR 15,phv00120763,1,1,,0,0,0,1,,,,
cardia,cac score,phv00120845,pht001854,scan 2 artery 4 unadjusted agatston score,,MeasurementObservation,cac_score,{score},CARDIA YEAR 15,phv00120763,1,1,,0,0,0,1,,,,
cardia,cac score,phv00120870,pht001854,scan 2 artery 1 adjusted agatston score,,MeasurementObservation,cac_score,{score},CARDIA YEAR 15,phv00120763,1,1,,0,0,0,1,,,,
cardia,cac score,phv00120871,pht001854,scan 2 artery 2 adjusted agatston score,,MeasurementObservation,cac_score,{score},CARDIA YEAR 15,phv00120763,1,1,,0,0,0,1,,,,
cardia,cac score,phv00120872,pht001854,scan 2 artery 3 adjusted agatston score,,MeasurementObservation,cac_score,{score},CARDIA YEAR 15,phv00120763,1,1,,0,0,0,1,,,,
cardia,cac score,phv00120873,pht001854,scan 2 artery 4 adjusted agatston score,,MeasurementObservation,cac_score,{score},CARDIA YEAR 15,phv00120763,1,1,,0,0,0,1,,,,
cardia,cac score,phv00120882,pht001854,scan 1 unadjusted agatston score,,MeasurementObservation,cac_score,{score},CARDIA YEAR 15,phv00120763,1,1,,0,0,0,1,,,,
cardia,cac score,phv00120883,pht001854,scan 2 unadjusted agatston score,,MeasurementObservation,cac_score,{score},CARDIA YEAR 15,phv00120763,1,1,,0,0,0,1,,,,
cardia,cac score,phv00120884,pht001854,scan 1 adjusted agatston score,,MeasurementObservation,cac_score,{score},CARDIA YEAR 15,phv00120763,1,1,,0,0,0,1,,,,
cardia,cac score,phv00120885,pht001854,scan 2 adjusted agatston score,,MeasurementObservation,cac_score,{score},CARDIA YEAR 15,phv00120763,1,1,,0,0,0,1,,,,
cardia,cac score,phv00120896,pht001854,average unadjusted agatston score,,MeasurementObservation,cac_score,{score},CARDIA YEAR 15,phv00120763,1,1,,0,0,0,1,,,,
cardia,cac score,phv00120897,pht001854,average adjusted agaston score,,MeasurementObservation,cac_score,{score},CARDIA YEAR 15,phv00120763,1,1,,0,0,0,1,,,,
cardia,cac score,phv00120911,pht001854,positive scan agatston adjusted score,{score},MeasurementObservation,cac_score,{score},CARDIA YEAR 15,phv00120763,1,1,,0,0,0,,1,,1,CARDIA documentation says this is the preferred variable to use when a continuous value of cac score is needed
cardia,c-reactive protein crp,phv00120758,pht001853,c-reactive protein in ug per ml,ug/mL,MeasurementObservation,crp,mg/L,CARDIA YEAR 15,phv00120757,1,1,,0,0,0,,,,1,
cardia,c-reactive protein crp,phv00120759,pht001853,rerun crp (ug/ml - bnii method),ug/mL,MeasurementObservation,crp,mg/L,CARDIA YEAR 15,phv00120757,1,1,,0,0,0,,,,1,
cardia,creatinine in urine,phv00116106,pht001679,urinary creatinine (unadjusted):day 1,mg/dL,MeasurementObservation,creat_urin,mg/dL,CARDIA YEAR 5,phv00116028,1,1,,0,0,0,1,,,1,CARDIA doc says the unadjusted values should NOT be used
cardia,creatinine in urine,phv00116110,pht001679,urinary creatinine (unadjusted):day 2,mg/d,MeasurementObservation,creat_urin,mg/dL,CARDIA YEAR 5,phv00116028,1,1,,0,0,0,1,,,,CARDIA doc says the unadjusted values should NOT be used
cardia,creatinine in urine,phv00116114,pht001679,urinary creatinine (unadjusted):day 3,mg/d,MeasurementObservation,creat_urin,mg/dL,CARDIA YEAR 5,phv00116028,1,1,,0,0,0,1,,,,CARDIA doc says the unadjusted values should NOT be used
cardia,creatinine in urine,phv00116126,pht001679,urinary creatinine (mg/24 hr):day 1,mg/d,MeasurementObservation,creat_urin,mg/dL,CARDIA YEAR 5,phv00116028,1,1,,0,0,0,1,,,1,
cardia,creatinine in urine,phv00116127,pht001679,urinary creatinine (mg/24 hr):day 2,mg/d,MeasurementObservation,creat_urin,mg/dL,CARDIA YEAR 5,phv00116028,1,1,,0,0,0,1,,,1,
cardia,creatinine in urine,phv00116128,pht001679,urinary creatinine (mg/24 hr):day 3,mg/d,MeasurementObservation,creat_urin,mg/dL,CARDIA YEAR 5,phv00116028,1,1,,0,0,0,1,,,1,
cardia,creatinine in urine,phv00118000,pht001752,urinary creatinine (mg),mg,MeasurementObservation,creat_urin,mg/dL,CARDIA YEAR 10,phv00117996,1,1,,0,0,0,,,,,
cardia,creatinine in urine,phv00120675,pht001849,urinary creatinine,mg/dL,MeasurementObservation,creat_urin,mg/dL,CARDIA YEAR 15,phv00120674,1,1,,0,0,0,,,,1,"inferred from observable range, no unit listed in CARDIA documentation"
cardia,diastolic blood pressure,phv00112481,pht001560,second reading sbp,,MeasurementObservation,bp_diastolic,mm[Hg],CARDIA YEAR 0,phv00112462,1,1,,0,0,0,1,,,,"CARDIA documentation says to disregard other bp measures due to calculation errors, and only use the vars averaging 2nd and 3rd bp measurements"
cardia,diastolic blood pressure,phv00112482,pht001560,second reading dbp,mm[Hg],MeasurementObservation,bp_diastolic,mm[Hg],CARDIA YEAR 0,phv00112462,1,1,,0,0,0,1,,,1,"CARDIA documentation says to disregard other bp measures due to calculation errors, and only use the vars averaging 2nd and 3rd bp measurements"
cardia,diastolic blood pressure,phv00112483,pht001560,rz2 sbp,,MeasurementObservation,bp_diastolic,mm[Hg],CARDIA YEAR 0,phv00112462,1,1,,0,0,0,1,,,,"CARDIA documentation says to disregard other bp measures due to calculation errors, and only use the vars averaging 2nd and 3rd bp measurements"
cardia,diastolic blood pressure,phv00112484,pht001560,rz2 dbp,,MeasurementObservation,bp_diastolic,mm[Hg],CARDIA YEAR 0,phv00112462,1,1,,0,0,0,1,,,,"CARDIA documentation says to disregard other bp measures due to calculation errors, and only use the vars averaging 2nd and 3rd bp measurements"
cardia,diastolic blood pressure,phv00112487,pht001560,third reading sbp,,MeasurementObservation,bp_diastolic,mm[Hg],CARDIA YEAR 0,phv00112462,1,1,,0,0,0,1,,,,"CARDIA documentation says to disregard other bp measures due to calculation errors, and only use the vars averaging 2nd and 3rd bp measurements"
cardia,diastolic blood pressure,phv00112488,pht001560,third reading dbp,mm[Hg],MeasurementObservation,bp_diastolic,mm[Hg],CARDIA YEAR 0,phv00112462,1,1,,0,0,0,1,,,1,"CARDIA documentation says to disregard other bp measures due to calculation errors, and only use the vars averaging 2nd and 3rd bp measurements"
cardia,diastolic blood pressure,phv00112489,pht001560,rz3 sbp,,MeasurementObservation,bp_diastolic,mm[Hg],CARDIA YEAR 0,phv00112462,1,1,,0,0,0,1,,,,"CARDIA documentation says to disregard other bp measures due to calculation errors, and only use the vars averaging 2nd and 3rd bp measurements"
cardia,diastolic blood pressure,phv00112490,pht001560,rz3 dbp,,MeasurementObservation,bp_diastolic,mm[Hg],CARDIA YEAR 0,phv00112462,1,1,,0,0,0,1,,,,"CARDIA documentation says to disregard other bp measures due to calculation errors, and only use the vars averaging 2nd and 3rd bp measurements"
cardia,diastolic blood pressure,phv00112495,pht001655,mean of 2nd and 3rd dbps,mm[Hg],,,mm[Hg],CARDIA YEAR 0,phv00112462,1,1,,,,,,1,,1,
cardia,eosinophils count,phv00112686,pht001563,white cell count (x 1000),,MeasurementObservation,eosinophil_ncnc_bld,10*3/uL,CARDIA YEAR 0,phv00112654,1,1,,0,0,0,1,,,,
cardia,eosinophils count,phv00112693,pht001563,eosinphils (%),%,MeasurementObservation,eosinophil_ncnc_bld,10*3/uL,CARDIA YEAR 0,phv00112654,1,1,,0,0,0,1,,/100 * {phv00112686},,GitHub issue 234
cardia,fasting lipids,phv00112661,pht001563,12 hr fast before blood drawn,,MeasurementObservation,fast_lipids,mg/dL,CARDIA YEAR 0,phv00112654,1,1,,0,0,0,1,,,,
cardia,fev1 - forced expiratory volume in 1 sec,phv00113407,pht001575,exhal. time of max fev1 trial,,MeasurementObservation,fev1,L,CARDIA YEAR 0,phv00113261,1,1,,0,0,0,1,,,,
cardia,fev1 - forced expiratory volume in 1 sec,phv00114616,pht001627,"forced expiratory vol/1 second, trial #1",L,MeasurementObservation,fev1,L,CARDIA YEAR 2,phv00114613,1,1,,0,0,0,,,,1,"unit inferred, not explicitly named in CARDIA docs"
cardia,fev1 - forced expiratory volume in 1 sec,phv00114628,pht001627,"forced expiratory vol/1 second, trial #2",L,MeasurementObservation,fev1,L,CARDIA YEAR 2,phv00114613,1,1,,0,0,0,,,,1,"unit inferred, not explicitly named in CARDIA docs"
cardia,fev1 - forced expiratory volume in 1 sec,phv00114640,pht001627,"forced expiratory vol/1 second, trial #3",L,MeasurementObservation,fev1,L,CARDIA YEAR 2,phv00114613,1,1,,0,0,0,,,,1,"unit inferred, not explicitly named in CARDIA docs"
cardia,fev1 - forced expiratory volume in 1 sec,phv00114652,pht001627,"forced expiratory vol/1 second, trial #4",L,MeasurementObservation,fev1,L,CARDIA YEAR 2,phv00114613,1,1,,0,0,0,,,,1,"unit inferred, not explicitly named in CARDIA docs"
cardia,fev1 - forced expiratory volume in 1 sec,phv00114664,pht001627,"forced expiratory vol/1 second, trial #5",L,MeasurementObservation,fev1,L,CARDIA YEAR 2,phv00114613,1,1,,0,0,0,,,,1,"unit inferred, not explicitly named in CARDIA docs"
cardia,fev1 - forced expiratory volume in 1 sec,phv00114676,pht001627,"forced expiratory vol/1 second, trial #6",L,MeasurementObservation,fev1,L,CARDIA YEAR 2,phv00114613,1,1,,0,0,0,,,,1,"unit inferred, not explicitly named in CARDIA docs"
cardia,fev1 - forced expiratory volume in 1 sec,phv00114699,pht001627,exhal. time of max fev1 trial,,MeasurementObservation,fev1,L,CARDIA YEAR 2,phv00114613,1,1,,0,0,0,1,,,,
cardia,fev1 - forced expiratory volume in 1 sec,phv00115621,pht001667,"forced expiratory vol/1 second, trial #1",L,MeasurementObservation,fev1,L,CARDIA YEAR 5,phv00115618,1,1,,0,0,0,,,,1,
cardia,fev1 - forced expiratory volume in 1 sec,phv00115633,pht001667,"forced expiratory vol/1 second, trial #2",L,MeasurementObservation,fev1,L,CARDIA YEAR 5,phv00115618,1,1,,0,0,0,,,,1,
cardia,fev1 - forced expiratory volume in 1 sec,phv00115645,pht001667,"forced expiratory vol/1 second, trial #3",L,MeasurementObservation,fev1,L,CARDIA YEAR 5,phv00115618,1,1,,0,0,0,,,,1,
cardia,fev1 - forced expiratory volume in 1 sec,phv00115657,pht001667,"forced expiratory vol/1 second, trial #4",L,MeasurementObservation,fev1,L,CARDIA YEAR 5,phv00115618,1,1,,0,0,0,,,,1,
cardia,fev1 - forced expiratory volume in 1 sec,phv00115669,pht001667,"forced expiratory vol/1 second, trial #5",L,MeasurementObservation,fev1,L,CARDIA YEAR 5,phv00115618,1,1,,0,0,0,,,,1,
cardia,fev1 - forced expiratory volume in 1 sec,phv00115692,pht001667,exhal. time of max fev1 trial,,MeasurementObservation,fev1,L,CARDIA YEAR 5,phv00115618,1,1,,0,0,0,1,,,,
cardia,fev1 - forced expiratory volume in 1 sec,phv00118840,pht001781,"forced expiratory vol/1 second, trial #1",L,MeasurementObservation,fev1,L,CARDIA YEAR 10,phv00118837,1,1,,0,0,0,,,,1,
cardia,fev1 - forced expiratory volume in 1 sec,phv00118852,pht001781,"forced expiratory vol/1 second, trial #2",L,MeasurementObservation,fev1,L,CARDIA YEAR 10,phv00118837,1,1,,0,0,0,,,,1,
cardia,fev1 - forced expiratory volume in 1 sec,phv00118864,pht001781,"forced expiratory vol/1 second, trial #3",L,MeasurementObservation,fev1,L,CARDIA YEAR 10,phv00118837,1,1,,0,0,0,,,,1,
cardia,fev1 - forced expiratory volume in 1 sec,phv00118876,pht001781,"forced expiratory vol/1 second, trial #4",L,MeasurementObservation,fev1,L,CARDIA YEAR 10,phv00118837,1,1,,0,0,0,,,,1,
cardia,fev1 - forced expiratory volume in 1 sec,phv00118888,pht001781,"forced expiratory vol/1 second, trial #5",L,MeasurementObservation,fev1,L,CARDIA YEAR 10,phv00118837,1,1,,0,0,0,,,,1,
cardia,fev1 - forced expiratory volume in 1 sec,phv00118900,pht001781,"forced expiratory vol/1 second, trial #6",L,MeasurementObservation,fev1,L,CARDIA YEAR 10,phv00118837,1,1,,0,0,0,,,,1,
cardia,fev1 - forced expiratory volume in 1 sec,phv00118912,pht001781,"forced expiratory vol/1 second, trial #7",L,MeasurementObservation,fev1,L,CARDIA YEAR 10,phv00118837,1,1,,0,0,0,,,,1,
cardia,fev1 - forced expiratory volume in 1 sec,phv00118924,pht001781,"forced expiratory vol/1 second, trial #8",L,MeasurementObservation,fev1,L,CARDIA YEAR 10,phv00118837,1,1,,0,0,0,,,,1,
cardia,fev1 - forced expiratory volume in 1 sec,phv00118942,pht001781,maximum fev1 (5 trials),L,MeasurementObservation,fev1,L,CARDIA YEAR 10,phv00118837,1,1,,0,0,0,,,,1,
cardia,fev1 - forced expiratory volume in 1 sec,phv00118946,pht001781,exhal. time of max fev1 trial (5 trials),,MeasurementObservation,fev1,L,CARDIA YEAR 10,phv00118837,1,1,,0,0,0,1,,,,
cardia,fev1 - forced expiratory volume in 1 sec,phv00118971,pht001782,maximum fev1 (8 trials),L,MeasurementObservation,fev1,L,CARDIA YEAR 10,phv00118962,1,1,,0,0,0,,,,1,
cardia,fev1 - forced expiratory volume in 1 sec,phv00118975,pht001782,exhal. time of max fev1 trial (8 trials),,MeasurementObservation,fev1,L,CARDIA YEAR 10,phv00118962,1,1,,0,0,0,1,,,,
cardia,fruits,phv00112712,pht001565,citrus fruit,{servings}/d,MeasurementObservation,fruit_serving,{#}/wk,CARDIA YEAR 0,phv00112709,1,1,,0,0,0,,,,,manually fixed
cardia,fruits,phv00112713,pht001565,fruit excluding citrus fruit,{servings}/d,MeasurementObservation,fruit_serving,{#}/wk,CARDIA YEAR 0,phv00112709,1,1,,0,0,0,,,,,manually fixed
cardia,fruits,phv00112714,pht001565,avocado and similar,{servings}/d,MeasurementObservation,fruit_serving,{#}/wk,CARDIA YEAR 0,phv00112709,1,1,,0,0,0,,,,,manually fixed
cardia,fruits,phv00112715,pht001565,fried fruits,{servings}/d,MeasurementObservation,fruit_serving,{#}/wk,CARDIA YEAR 0,phv00112709,1,1,,0,0,0,,,,,manually fixed
cardia,fruits,phv00112716,pht001565,fruit-based savory snack,{servings}/d,MeasurementObservation,fruit_serving,{#}/wk,CARDIA YEAR 0,phv00112709,1,1,,0,0,0,,,,,manually fixed
cardia,fruits,phv00112878,pht001566,major food group for fruit,,MeasurementObservation,fruit_serving,{#}/wk,CARDIA YEAR 0,phv00112876,1,1,,0,0,0,1,,,,"no info about what this var is, it's units, or how it was created"
cardia,fruits,phv00116764,pht001712,citrus fruit,{servings}/d,MeasurementObservation,fruit_serving,{#}/wk,CARDIA YEAR 7,phv00116761,1,1,,0,0,0,,,,,manually fixed
cardia,fruits,phv00116765,pht001712,fruit excluding citrus fruit,{servings}/d,MeasurementObservation,fruit_serving,{#}/wk,CARDIA YEAR 7,phv00116761,1,1,,0,0,0,,,,,manually fixed
cardia,fruits,phv00116766,pht001712,avocado and similar,{servings}/d,MeasurementObservation,fruit_serving,{#}/wk,CARDIA YEAR 7,phv00116761,1,1,,0,0,0,,,,,manually fixed
cardia,fruits,phv00116767,pht001712,fried fruits,{servings}/d,MeasurementObservation,fruit_serving,{#}/wk,CARDIA YEAR 7,phv00116761,1,1,,0,0,0,,,,,manually fixed
cardia,fruits,phv00116768,pht001712,fruit-based savory snack,{servings}/d,MeasurementObservation,fruit_serving,{#}/wk,CARDIA YEAR 7,phv00116761,1,1,,0,0,0,,,,,manually fixed
cardia,fruits,phv00116930,pht001713,major food group for fruit,,MeasurementObservation,fruit_serving,{#}/wk,CARDIA YEAR 7,phv00116928,1,1,,0,0,0,1,,,,"no info about what this var is, it's units, or how it was created"
cardia,fvc - forced vital capacity,phv00113262,pht001575,"fvc, trial 1",L,MeasurementObservation,fvc,L,CARDIA YEAR 0,phv00113261,1,1,,0,0,0,,1,,1,
cardia,fvc - forced vital capacity,phv00113273,pht001575,"fvc, trial 2",L,MeasurementObservation,fvc,L,CARDIA YEAR 0,phv00113261,1,1,,0,0,0,,1,,1,
cardia,fvc - forced vital capacity,phv00113284,pht001575,"fvc, trial 3",L,MeasurementObservation,fvc,L,CARDIA YEAR 0,phv00113261,1,1,,0,0,0,,1,,1,
cardia,fvc - forced vital capacity,phv00113295,pht001575,"fvc, trial 4",L,MeasurementObservation,fvc,L,CARDIA YEAR 0,phv00113261,1,1,,0,0,0,,1,,1,
cardia,fvc - forced vital capacity,phv00113306,pht001575,"fvc, trial 5",L,MeasurementObservation,fvc,L,CARDIA YEAR 0,phv00113261,1,1,,0,0,0,,1,,1,
cardia,fvc - forced vital capacity,phv00113317,pht001575,"fvc, trial 6",L,MeasurementObservation,fvc,L,CARDIA YEAR 0,phv00113261,1,1,,0,0,0,,1,,1,
cardia,fvc - forced vital capacity,phv00113402,pht001575,maximum fvc,L,MeasurementObservation,fvc,L,CARDIA YEAR 0,phv00113261,1,1,,0,0,0,,,,1,
cardia,fvc - forced vital capacity,phv00114615,pht001627,"forced vital capacity, trial #1",L,MeasurementObservation,fvc,L,CARDIA YEAR 2,phv00114613,1,1,,0,0,0,,,,1,
cardia,fvc - forced vital capacity,phv00114627,pht001627,"forced vital capacity, trial #2",L,MeasurementObservation,fvc,L,CARDIA YEAR 2,phv00114613,1,1,,0,0,0,,,,1,
cardia,fvc - forced vital capacity,phv00114639,pht001627,"forced vital capacity, trial #3",L,MeasurementObservation,fvc,L,CARDIA YEAR 2,phv00114613,1,1,,0,0,0,,,,1,
cardia,fvc - forced vital capacity,phv00114651,pht001627,"forced vital capacity, trial #4",L,MeasurementObservation,fvc,L,CARDIA YEAR 2,phv00114613,1,1,,0,0,0,,,,1,
cardia,fvc - forced vital capacity,phv00114663,pht001627,"forced vital capacity, trial #5",L,MeasurementObservation,fvc,L,CARDIA YEAR 2,phv00114613,1,1,,0,0,0,,,,1,
cardia,fvc - forced vital capacity,phv00114675,pht001627,"forced vital capacity, trial #6",L,MeasurementObservation,fvc,L,CARDIA YEAR 2,phv00114613,1,1,,0,0,0,,,,1,
cardia,fvc - forced vital capacity,phv00114694,pht001627,maximum fvc,L,MeasurementObservation,fvc,L,CARDIA YEAR 2,phv00114613,1,1,,0,0,0,,,,1,
cardia,fvc - forced vital capacity,phv00115620,pht001667,"forced vital capacity, trial #1",L,MeasurementObservation,fvc,L,CARDIA YEAR 5,phv00115618,1,1,,0,0,0,,,,1,
cardia,fvc - forced vital capacity,phv00115632,pht001667,"forced vital capacity, trial #2",L,MeasurementObservation,fvc,L,CARDIA YEAR 5,phv00115618,1,1,,0,0,0,,,,1,
cardia,fvc - forced vital capacity,phv00115644,pht001667,"forced vital capacity, trial #3",L,MeasurementObservation,fvc,L,CARDIA YEAR 5,phv00115618,1,1,,0,0,0,,,,1,
cardia,fvc - forced vital capacity,phv00115656,pht001667,"forced vital capacity, trial #4",L,MeasurementObservation,fvc,L,CARDIA YEAR 5,phv00115618,1,1,,0,0,0,,,,1,
cardia,fvc - forced vital capacity,phv00115668,pht001667,"forced vital capacity, trial #5",L,MeasurementObservation,fvc,L,CARDIA YEAR 5,phv00115618,1,1,,0,0,0,,,,1,
cardia,fvc - forced vital capacity,phv00115687,pht001667,maximum fvc,L,MeasurementObservation,fvc,L,CARDIA YEAR 5,phv00115618,1,1,,0,0,0,,,,1,
cardia,fvc - forced vital capacity,phv00118839,pht001781,"forced vital capacity, trial #1",L,MeasurementObservation,fvc,L,CARDIA YEAR 10,phv00118837,1,1,,0,0,0,,,,1,
cardia,fvc - forced vital capacity,phv00118851,pht001781,"forced vital capacity, trial #2",L,MeasurementObservation,fvc,L,CARDIA YEAR 10,phv00118837,1,1,,0,0,0,,,,1,
cardia,fvc - forced vital capacity,phv00118863,pht001781,"forced vital capacity, trial #3",L,MeasurementObservation,fvc,L,CARDIA YEAR 10,phv00118837,1,1,,0,0,0,,,,1,
cardia,fvc - forced vital capacity,phv00118875,pht001781,"forced vital capacity, trial #4",L,MeasurementObservation,fvc,L,CARDIA YEAR 10,phv00118837,1,1,,0,0,0,,,,1,
cardia,fvc - forced vital capacity,phv00118887,pht001781,"forced vital capacity, trial #5",L,MeasurementObservation,fvc,L,CARDIA YEAR 10,phv00118837,1,1,,0,0,0,,,,1,
cardia,fvc - forced vital capacity,phv00118899,pht001781,"forced vital capacity, trial #6",L,MeasurementObservation,fvc,L,CARDIA YEAR 10,phv00118837,1,1,,0,0,0,,,,1,
cardia,fvc - forced vital capacity,phv00118911,pht001781,"forced vital capacity, trial #7",L,MeasurementObservation,fvc,L,CARDIA YEAR 10,phv00118837,1,1,,0,0,0,,,,1,
cardia,fvc - forced vital capacity,phv00118923,pht001781,"forced vital capacity, trial #8",L,MeasurementObservation,fvc,L,CARDIA YEAR 10,phv00118837,1,1,,0,0,0,,,,1,
cardia,fvc - forced vital capacity,phv00118941,pht001781,maximum fvc (5 trials),L,MeasurementObservation,fvc,L,CARDIA YEAR 10,phv00118837,1,1,,0,0,0,,,,1,
cardia,fvc - forced vital capacity,phv00118970,pht001782,maximum fvc (8 trials),L,MeasurementObservation,fvc,L,CARDIA YEAR 10,phv00118962,1,1,,0,0,0,,,,1,
cardia,glucose in blood,phv00116638,pht001709,"13ml red tube, 1.3 ml serum (glucose)",,MeasurementObservation,glucose_bld,mg/dL,CARDIA YEAR 7,phv00116624,1,1,,0,0,0,1,,,,
cardia,glucose in blood,phv00116651,pht001709,"6 ml red tube, 1.3 ml serum (glucose)",,MeasurementObservation,glucose_bld,mg/dL,CARDIA YEAR 7,phv00116624,1,1,,0,0,0,1,,,,
cardia,hdl,phv00115100,pht001644,bl1hdl,,MeasurementObservation,hdl,mg/dL,CARDIA YEAR 2,phv00115097,1,1,,0,0,0,1,,,,CARDIA judged year 2 lipids data to be unreliable: https://www.cardia.dopm.uab.edu/lad-geda
cardia,hdl,phv00115102,pht001644,bl1hdl2,,MeasurementObservation,hdl,mg/dL,CARDIA YEAR 2,phv00115097,1,1,,0,0,0,1,,,,GitHub issue 236. CARDIA judged year 2 lipids data to be unreliable: https://www.cardia.dopm.uab.edu/lad-geda
cardia,hdl,phv00115103,pht001644,bl1hdl3,,MeasurementObservation,hdl,mg/dL,CARDIA YEAR 2,phv00115097,1,1,,0,0,0,1,,,,GitHub issue 236. CARDIA judged year 2 lipids data to be unreliable: https://www.cardia.dopm.uab.edu/lad-geda
cardia,hdl,phv00113704,,,,,,,,,,,,,,,1,,,,GitHub issue 236
cardia,hdl,phv00113705,,,,,,,,,,,,,,,1,,,,GitHub issue 236
cardia,heart rate,phv00114006,pht001593,heart rate before gxt,{beats}/min,MeasurementObservation,hrtrt,{beats}/min,CARDIA YEAR 0,phv00114001,1,1,,0,0,0,,,,1,
cardia,heart rate,phv00114009,pht001593,gxt stage 1: heart rate,{beats}/min,MeasurementObservation,hrtrt,{beats}/min,CARDIA YEAR 0,phv00114001,1,1,,0,0,0,,,,1,
cardia,heart rate,phv00114012,pht001593,gxt stage 2: heart rate,{beats}/min,MeasurementObservation,hrtrt,{beats}/min,CARDIA YEAR 0,phv00114001,1,1,,0,0,0,,,,1,
cardia,heart rate,phv00114016,pht001593,gxt stage 3: heart rate,{beats}/min,MeasurementObservation,hrtrt,{beats}/min,CARDIA YEAR 0,phv00114001,1,1,,0,0,0,,,,1,
cardia,heart rate,phv00114020,pht001593,gxt stage 4: heart rate,{beats}/min,MeasurementObservation,hrtrt,{beats}/min,CARDIA YEAR 0,phv00114001,1,1,,0,0,0,,,,1,
cardia,heart rate,phv00114024,pht001593,gxt stage 5: heart rate,{beats}/min,MeasurementObservation,hrtrt,{beats}/min,CARDIA YEAR 0,phv00114001,1,1,,0,0,0,,,,1,
cardia,heart rate,phv00114028,pht001593,gxt stage 6: heart rate,{beats}/min,MeasurementObservation,hrtrt,{beats}/min,CARDIA YEAR 0,phv00114001,1,1,,0,0,0,,,,1,
cardia,heart rate,phv00114032,pht001593,gxt stage 7: heart rate,{beats}/min,MeasurementObservation,hrtrt,{beats}/min,CARDIA YEAR 0,phv00114001,1,1,,0,0,0,,,,1,
cardia,heart rate,phv00114036,pht001593,gxt stage 8: heart rate,{beats}/min,MeasurementObservation,hrtrt,{beats}/min,CARDIA YEAR 0,phv00114001,1,1,,0,0,0,,,,1,
cardia,heart rate,phv00114040,pht001593,gxt stage 9: heart rate,{beats}/min,MeasurementObservation,hrtrt,{beats}/min,CARDIA YEAR 0,phv00114001,1,1,,0,0,0,,,,1,
cardia,heart rate,phv00116216,pht001684,"heart rate, abp monitor",{beats}/min,MeasurementObservation,hrtrt,{beats}/min,CARDIA YEAR 5,phv00116206,1,1,,0,0,0,,,,1,
cardia,heart rate,phv00117822,pht001747,supine heart rate,{beats}/min,MeasurementObservation,hrtrt,{beats}/min,CARDIA YEAR 7,phv00117821,1,1,,0,0,0,,,,1,
cardia,heart rate,phv00117829,pht001747,heart rate before gxt,{beats}/min,MeasurementObservation,hrtrt,{beats}/min,CARDIA YEAR 7,phv00117821,1,1,,0,0,0,,,,1,
cardia,heart rate,phv00117832,pht001747,gxt stage 1: heart rate,{beats}/min,MeasurementObservation,hrtrt,{beats}/min,CARDIA YEAR 7,phv00117821,1,1,,0,0,0,,,,1,
cardia,heart rate,phv00117836,pht001747,gxt stage 2: heart rate,{beats}/min,MeasurementObservation,hrtrt,{beats}/min,CARDIA YEAR 7,phv00117821,1,1,,0,0,0,,,,1,
cardia,heart rate,phv00117840,pht001747,gxt stage 3: heart rate,{beats}/min,MeasurementObservation,hrtrt,{beats}/min,CARDIA YEAR 7,phv00117821,1,1,,0,0,0,,,,1,
cardia,heart rate,phv00117844,pht001747,gxt stage 4: heart rate,{beats}/min,MeasurementObservation,hrtrt,{beats}/min,CARDIA YEAR 7,phv00117821,1,1,,0,0,0,,,,1,
cardia,heart rate,phv00117848,pht001747,gxt stage 5: heart rate,{beats}/min,MeasurementObservation,hrtrt,{beats}/min,CARDIA YEAR 7,phv00117821,1,1,,0,0,0,,,,1,
cardia,heart rate,phv00117852,pht001747,gxt stage 6: heart rate,{beats}/min,MeasurementObservation,hrtrt,{beats}/min,CARDIA YEAR 7,phv00117821,1,1,,0,0,0,,,,1,
cardia,heart rate,phv00117856,pht001747,gxt stage 7: heart rate,{beats}/min,MeasurementObservation,hrtrt,{beats}/min,CARDIA YEAR 7,phv00117821,1,1,,0,0,0,,,,1,
cardia,heart rate,phv00117860,pht001747,gxt stage 8: heart rate,{beats}/min,MeasurementObservation,hrtrt,{beats}/min,CARDIA YEAR 7,phv00117821,1,1,,0,0,0,,,,1,
cardia,heart rate,phv00117864,pht001747,gxt stage 9: heart rate,{beats}/min,MeasurementObservation,hrtrt,{beats}/min,CARDIA YEAR 7,phv00117821,1,1,,0,0,0,,,,1,
cardia,heart rate,phv00121035,pht001860,"heart rate in bpm, #1",{beats}/min,MeasurementObservation,hrtrt,{beats}/min,CARDIA YEAR 15,phv00121033,1,1,,0,0,0,,,,1,
cardia,heart rate,phv00121041,pht001860,"heart rate in bpm, #2",{beats}/min,MeasurementObservation,hrtrt,{beats}/min,CARDIA YEAR 15,phv00121033,1,1,,0,0,0,,,,1,
cardia,heart rate,phv00121046,pht001860,"mean average of frshr1 & frshr2, heart rate in bpm",{beats}/min,MeasurementObservation,hrtrt,{beats}/min,CARDIA YEAR 15,phv00121033,1,1,,0,0,0,,,,1,
cardia,height,phv00114609,pht001626,"ht, in inches",[in_us],MeasurementObservation,bdy_hgt,cm,CARDIA YEAR 2,phv00114583,1,1,,0,0,0,,,,1,
cardia,height,phv00115704,pht001667,height in inches,[in_us],MeasurementObservation,bdy_hgt,cm,CARDIA YEAR 5,phv00115618,1,1,,0,0,0,,,,1,
cardia,height,phv00118136,pht001755,height,cm,MeasurementObservation,bdy_hgt,cm,CARDIA YEAR 10,phv00118039,1,1,,0,0,0,,,,1,
cardia,height,phv00118250,pht001756,height,cm,MeasurementObservation,bdy_hgt,cm,CARDIA YEAR 10,phv00118153,1,1,,0,0,0,,,,1,
cardia,icam1 in blood,phv00116396,pht001699,sicam1,ng/mL,MeasurementObservation,icam,ng/mL,CARDIA YEAR 5,phv00116393,1,1,,0,0,0,,,,1,unit inferred
cardia,interleukin 6 in blood,phv00121065,pht001862,il6 comments,,MeasurementObservation,il6,pg/mL,CARDIA YEAR 15,phv00121060,1,1,,0,0,0,1,,,,
cardia,interleukin 6 in blood,phv00121068,pht001862,flag(=1) for undetectable il-6,,MeasurementObservation,il6,pg/mL,CARDIA YEAR 15,phv00121060,1,1,,0,0,0,1,,,,
cardia,ldl,phv00115101,pht001644,bl1ldl,,MeasurementObservation,ldl,mg/dL,CARDIA YEAR 2,phv00115097,1,1,,0,0,0,1,,,,CARDIA judged year 2 lipids data to be unreliable: https://www.cardia.dopm.uab.edu/lad-geda
cardia,lymphocytes count,phv00112686,pht001563,white cell count (x 1000),,MeasurementObservation,lympho_ct,10*3/uL,CARDIA YEAR 0,phv00112654,1,1,,0,0,0,1,,,,
cardia,lymphocytes count,phv00112691,pht001563,lymphocyte count,10*9/L,MeasurementObservation,lympho_ct,10*3/uL,CARDIA YEAR 0,phv00112654,1,1,,0,0,0,,,,1,Inferred from table 1 of this paper using CARDIA data
cardia,mean corpuscular hemoglobin,phv00112687,pht001563,"red cell count (x 1,000,000)",,MeasurementObservation,mch,pg/{cell},CARDIA YEAR 0,phv00112654,1,1,,0,0,0,1,,,,
cardia,mean corpuscular volume,phv00112687,pht001563,"red cell count (x 1,000,000)",,MeasurementObservation,mcv,fL,CARDIA YEAR 0,phv00112654,1,1,,0,0,0,1,,,,
cardia,mean platelet volume,phv00121426,pht001869,y01stmpv,,MeasurementObservation,pmv,fL,CARDIA MEDICAL HISTORY,phv00121257,1,1,,0,0,0,1,,,,no data was collected for this variable
cardia,mean platelet volume,phv00121650,pht001871,y01stmpv,,MeasurementObservation,pmv,fL,CARDIA MEDICAL HISTORY,phv00121473,1,1,,0,0,0,1,,,,no data was collected for this variable
cardia,monocytes count,phv00112686,pht001563,white cell count (x 1000),,MeasurementObservation,monocyte_ncnc_bld,10*3/uL,CARDIA YEAR 0,phv00112654,1,1,,0,0,0,1,,,,
cardia,monocytes count,phv00112692,pht001563,monocytes (%),%,MeasurementObservation,monocyte_ncnc_bld,10*3/uL,CARDIA YEAR 0,phv00112654,1,1,,0,0,0,1,,/100 * {phv00112686},,GitHub issue 237
cardia,neutrophils count,phv00112686,pht001563,white cell count (x 1000),,MeasurementObservation,neutro_ct,10*3/uL,CARDIA YEAR 0,phv00112654,1,1,,0,0,0,1,,,,
cardia,neutrophils count,phv00112698,pht001563,segs (%),%,MeasurementObservation,neutro_ct,10*3/uL,CARDIA YEAR 0,phv00112654,1,1,,0,0,0,1,,/100 * {phv00112686},,GitHub issue 238
cardia,neutrophils percent,phv00112697,pht001563,bands (%),%,,,,,,,,,,,,1,,,,GitHub issue 238
cardia,platelet count,phv00112690,pht001563,platelet count,10*5/uL,MeasurementObservation,platelet_ct,10*3/uL,CARDIA YEAR 0,phv00112654,1,1,,0,0,0,,,* 100,,"inferred unit based on range, but something may be wonky"
cardia,red blood cell count,phv00112687,pht001563,"red cell count (x 1,000,000)",10*6/uL,MeasurementObservation,rdbld_ct,10*6/uL,CARDIA YEAR 0,phv00112654,1,1,,0,0,0,,,,1,
cardia,sodium intake,phv00113867,pht001591,dietary sodium (mg),mg/d,MeasurementObservation,sodium_intak,mg/d,CARDIA YEAR 0,phv00113813,1,1,,0,0,0,,,,1,CARDIA documents say they calculated average daily intake of nutrients; journal articles report units in mg/d in tables
cardia,sodium intake,phv00113961,pht001592,dietary sodium (mg),mg/d,MeasurementObservation,sodium_intak,mg/d,CARDIA YEAR 0,phv00113907,1,1,,0,0,0,,,,1,CARDIA documents say they calculated average daily intake of nutrients; journal articles report units in mg/d in tables
cardia,sodium intake,phv00115050,pht001638,est daily sodium intake (mg),mg/d,MeasurementObservation,sodium_intak,mg/d,CARDIA YEAR 2,phv00115030,1,1,,0,0,0,,,,1,
cardia,sodium intake,phv00117628,pht001745,dietary sodium (mg),mg/d,MeasurementObservation,sodium_intak,mg/d,CARDIA YEAR 7,phv00117593,1,1,,0,0,0,,,,1,CARDIA documents say they calculated average daily intake of nutrients; journal articles report units in mg/d in tables
cardia,sodium intake,phv00117742,pht001746,dietary sodium (mg),mg/d,MeasurementObservation,sodium_intak,mg/d,CARDIA YEAR 7,phv00117707,1,1,,0,0,0,,,,1,CARDIA documents say they calculated average daily intake of nutrients; journal articles report units in mg/d in tables
cardia,systolic blood pressure,phv00112481,pht001560,second reading sbp,mm[Hg],MeasurementObservation,bp_systolic,mm[Hg],CARDIA YEAR 0,phv00112462,1,1,,0,0,0,1,,,1,"CARDIA documentation says to disregard other bp measures due to calculation errors, and only use the vars averaging 2nd and 3rd bp measurements"
cardia,systolic blood pressure,phv00112482,pht001560,second reading dbp,,MeasurementObservation,bp_systolic,mm[Hg],CARDIA YEAR 0,phv00112462,1,1,,0,0,0,1,,,,"CARDIA documentation says to disregard other bp measures due to calculation errors, and only use the vars averaging 2nd and 3rd bp measurements"
cardia,systolic blood pressure,phv00112483,pht001560,rz2 sbp,,MeasurementObservation,bp_systolic,mm[Hg],CARDIA YEAR 0,phv00112462,1,1,,0,0,0,1,,,,"CARDIA documentation says to disregard other bp measures due to calculation errors, and only use the vars averaging 2nd and 3rd bp measurements"
cardia,systolic blood pressure,phv00112484,pht001560,rz2 dbp,,MeasurementObservation,bp_systolic,mm[Hg],CARDIA YEAR 0,phv00112462,1,1,,0,0,0,1,,,,"CARDIA documentation says to disregard other bp measures due to calculation errors, and only use the vars averaging 2nd and 3rd bp measurements"
cardia,systolic blood pressure,phv00112487,pht001560,third reading sbp,mm[Hg],MeasurementObservation,bp_systolic,mm[Hg],CARDIA YEAR 0,phv00112462,1,1,,0,0,0,1,,,1,"CARDIA documentation says to disregard other bp measures due to calculation errors, and only use the vars averaging 2nd and 3rd bp measurements"
cardia,systolic blood pressure,phv00112488,pht001560,third reading dbp,,MeasurementObservation,bp_systolic,mm[Hg],CARDIA YEAR 0,phv00112462,1,1,,0,0,0,1,,,,"CARDIA documentation says to disregard other bp measures due to calculation errors, and only use the vars averaging 2nd and 3rd bp measurements"
cardia,systolic blood pressure,phv00112489,pht001560,rz3 sbp,,MeasurementObservation,bp_systolic,mm[Hg],CARDIA YEAR 0,phv00112462,1,1,,0,0,0,1,,,,"CARDIA documentation says to disregard other bp measures due to calculation errors, and only use the vars averaging 2nd and 3rd bp measurements"
cardia,systolic blood pressure,phv00112490,pht001560,rz3 dbp,,MeasurementObservation,bp_systolic,mm[Hg],CARDIA YEAR 0,phv00112462,1,1,,0,0,0,1,,,,"CARDIA documentation says to disregard other bp measures due to calculation errors, and only use the vars averaging 2nd and 3rd bp measurements"
cardia,systolic blood pressure,phv00112494,pht001560,mean of 2nd and 3rd sbps,mm[Hg],MeasurementObservation,bp_systolic,mm[Hg],CARDIA YEAR 0,phv00112462,1,1,,0,0,0,,1,,1,
cardia,temperature,phv00113394,pht001575,degrees centigrade 19-30,Cel,MeasurementObservation,bdy_temp,Cel,CARDIA YEAR 0,phv00113261,1,1,,0,0,0,,,,1,
cardia,temperature,phv00114608,pht001626,degree centigrade,Cel,MeasurementObservation,bdy_temp,Cel,CARDIA YEAR 2,phv00114583,1,1,,0,0,0,,,,1,
cardia,temperature,phv00115703,pht001667,degrees centigrade,Cel,MeasurementObservation,bdy_temp,Cel,CARDIA YEAR 5,phv00115618,1,1,,0,0,0,,,,1,
cardia,temperature,phv00118956,pht001781,degrees centigrade,Cel,MeasurementObservation,bdy_temp,Cel,CARDIA YEAR 10,phv00118837,1,1,,0,0,0,,,,1,
cardia,troponin all types,phv00121284,pht001869,troponin lab test type,,MeasurementObservation,troponin,ng/mL,CARDIA MEDICAL HISTORY,phv00121257,1,1,,0,0,0,1,,,,categorical vars with no units. Cannot find in CARDIA documentation
cardia,troponin all types,phv00121285,pht001869,troponin lab test results,,MeasurementObservation,troponin,ng/mL,CARDIA MEDICAL HISTORY,phv00121257,1,1,,0,0,0,1,,,,categorical vars with no units. Cannot find in CARDIA documentation
cardia,troponin all types,phv00121500,pht001871,troponin lab test type,,MeasurementObservation,troponin,ng/mL,CARDIA MEDICAL HISTORY,phv00121473,1,1,,0,0,0,1,,,,categorical vars with no units. Cannot find in CARDIA documentation
cardia,troponin all types,phv00121501,pht001871,troponin lab test results,,MeasurementObservation,troponin,ng/mL,CARDIA MEDICAL HISTORY,phv00121473,1,1,,0,0,0,1,,,,categorical vars with no units. Cannot find in CARDIA documentation
cardia,vegetables,phv00112717,pht001565,dark-green vegetables,{servings}/d,MeasurementObservation,vege_serving,{servings}/wk,CARDIA YEAR 0,phv00112709,1,1,,0,0,0,,,,1,manually fixed
cardia,vegetables,phv00112718,pht001565,deep-yellow vegetables,{servings}/d,MeasurementObservation,vege_serving,{servings}/wk,CARDIA YEAR 0,phv00112709,1,1,,0,0,0,,,,1,manually fixed
cardia,vegetables,phv00112719,pht001565,tomato,{servings}/d,MeasurementObservation,vege_serving,{servings}/wk,CARDIA YEAR 0,phv00112709,1,1,,0,0,0,,,,1,manually fixed
cardia,vegetables,phv00112720,pht001565,white potatoes,{servings}/d,MeasurementObservation,vege_serving,{servings}/wk,CARDIA YEAR 0,phv00112709,1,1,,0,0,0,,,,1,manually fixed
cardia,vegetables,phv00112721,pht001565,fried potatoes,{servings}/d,MeasurementObservation,vege_serving,{servings}/wk,CARDIA YEAR 0,phv00112709,1,1,,0,0,0,,,,1,manually fixed
cardia,vegetables,phv00112722,pht001565,other starchy vegetables,{servings}/d,MeasurementObservation,vege_serving,{servings}/wk,CARDIA YEAR 0,phv00112709,1,1,,0,0,0,,,,1,manually fixed
cardia,vegetables,phv00112723,pht001565,legumes (cooked dried beans),{servings}/d,MeasurementObservation,vege_serving,{servings}/wk,CARDIA YEAR 0,phv00112709,1,1,,0,0,0,,,,1,manually fixed
cardia,vegetables,phv00112724,pht001565,other vegetables,{servings}/d,MeasurementObservation,vege_serving,{servings}/wk,CARDIA YEAR 0,phv00112709,1,1,,0,0,0,,,,1,manually fixed
cardia,vegetables,phv00112725,pht001565,fried vegetables,{servings}/d,MeasurementObservation,vege_serving,{servings}/wk,CARDIA YEAR 0,phv00112709,1,1,,0,0,0,,,,1,manually fixed
cardia,vegetables,phv00112726,pht001565,vegetable juice,{servings}/d,MeasurementObservation,vege_serving,{servings}/wk,CARDIA YEAR 0,phv00112709,1,1,,0,0,0,,,,1,manually fixed
cardia,vegetables,phv00112727,pht001565,vegetable-based savory snack,{servings}/d,MeasurementObservation,vege_serving,{servings}/wk,CARDIA YEAR 0,phv00112709,1,1,,0,0,0,,,,1,manually fixed
cardia,vegetables,phv00116769,pht001712,dark-green vegetables,{servings}/d,MeasurementObservation,vege_serving,{servings}/wk,CARDIA YEAR 7,phv00116761,1,1,,0,0,0,,,,1,manually fixed
cardia,vegetables,phv00116770,pht001712,deep-yellow vegetables,{servings}/d,MeasurementObservation,vege_serving,{servings}/wk,CARDIA YEAR 7,phv00116761,1,1,,0,0,0,,,,1,manually fixed
cardia,vegetables,phv00116771,pht001712,tomato,{servings}/d,MeasurementObservation,vege_serving,{servings}/wk,CARDIA YEAR 7,phv00116761,1,1,,0,0,0,,,,1,manually fixed
cardia,vegetables,phv00116772,pht001712,white potatoes,{servings}/d,MeasurementObservation,vege_serving,{servings}/wk,CARDIA YEAR 7,phv00116761,1,1,,0,0,0,,,,1,manually fixed
cardia,vegetables,phv00116773,pht001712,fried potatoes,{servings}/d,MeasurementObservation,vege_serving,{servings}/wk,CARDIA YEAR 7,phv00116761,1,1,,0,0,0,,,,1,manually fixed
cardia,vegetables,phv00116774,pht001712,other starchy vegetables,{servings}/d,MeasurementObservation,vege_serving,{servings}/wk,CARDIA YEAR 7,phv00116761,1,1,,0,0,0,,,,1,manually fixed
cardia,vegetables,phv00116775,pht001712,legumes (cooked dried beans),{servings}/d,MeasurementObservation,vege_serving,{servings}/wk,CARDIA YEAR 7,phv00116761,1,1,,0,0,0,,,,1,manually fixed
cardia,vegetables,phv00116776,pht001712,other vegetables,{servings}/d,MeasurementObservation,vege_serving,{servings}/wk,CARDIA YEAR 7,phv00116761,1,1,,0,0,0,,,,1,manually fixed
cardia,vegetables,phv00116777,pht001712,fried vegetables,{servings}/d,MeasurementObservation,vege_serving,{servings}/wk,CARDIA YEAR 7,phv00116761,1,1,,0,0,0,,,,1,manually fixed
cardia,vegetables,phv00116778,pht001712,vegetable juice,{servings}/d,MeasurementObservation,vege_serving,{servings}/wk,CARDIA YEAR 7,phv00116761,1,1,,0,0,0,,,,1,manually fixed
cardia,vegetables,phv00116779,pht001712,vegetable-based savory snack,{servings}/d,MeasurementObservation,vege_serving,{servings}/wk,CARDIA YEAR 7,phv00116761,1,1,,0,0,0,,,,1,manually fixed
cardia,white blood cell count,phv00112686,pht001563,white cell count (x 1000),10*9/L,MeasurementObservation,whtbld_ct,10*3/uL,CARDIA YEAR 0,phv00112654,1,1,,0,0,0,,,,1,
