row_good,cohort,bdchm_entity,bdchm_label,bdchm_varname,has_onto,bdchm_unit,phv,var_desc,var_units,has_pht,pht,participantidphv,has_visit,associatedvisit,has_visit_expr,associatedvisit_expr,xassociatedvisit,var_desc_exam,has_age,ageinyearsphv,contextvars_notes,unit_match,unit_convert,conversion_rule,unit_expr,unit_expr_custom,unit_casestmt,unit_casestmt_custom,bad_map,add_map,add_var_units,fix_key_note
"1","fhs","MeasurementObservation","diastolic blood pressure","bp_diastolic","1","mm[Hg]","phv00000643","blood pressure: first examiner, diastolic, exam 3","mm[Hg]","1","pht000009","phv00001036","","FHS ORIGINAL EXAM 3","","","","","","phv00177934","will need to look in variable description for specific exam. to isolate Original cohort Exam 5 one would need to specify IDTYPE=0 (Original cohort) and DATE5","1","0","","0","","","","","","",""
"1","fhs","MeasurementObservation","systolic blood pressure","bp_systolic","1","mm[Hg]","phv00000833","blood pressure: admission, systolic, exam 6","mm[Hg]","1","pht000009","phv00001036","","FHS ORIGINAL EXAM 6","","","","","","phv00177940","will need to look in variable description for specific exam. to isolate Original cohort Exam 5 one would need to specify IDTYPE=0 (Original cohort) and DATE5","1","0","","0","","","","","","",""
"1","fhs","MeasurementObservation","diastolic blood pressure","bp_diastolic","1","mm[Hg]","phv00000533","blood pressure: second examiner, diastolic, exam 1","mm[Hg]","1","pht000009","phv00001036","","FHS ORIGINAL EXAM 1","","","","","","phv00177930","will need to look in variable description for specific exam. to isolate Original cohort Exam 5 one would need to specify IDTYPE=0 (Original cohort) and DATE5","1","0","","0","","","","","","",""
"1","fhs","MeasurementObservation","diastolic blood pressure","bp_diastolic","1","mm[Hg]","phv00000645","blood pressure: second examiner, diastolic, exam 3","mm[Hg]","1","pht000009","phv00001036","","FHS ORIGINAL EXAM 3","","","","","","phv00177934","will need to look in variable description for specific exam. to isolate Original cohort Exam 5 one would need to specify IDTYPE=0 (Original cohort) and DATE5","1","0","","0","","","","","","",""
"1","fhs","MeasurementObservation","diastolic blood pressure","bp_diastolic","1","mm[Hg]","phv00000758","blood pressure: admission, diastolic, exam 5","mm[Hg]","1","pht000009","phv00001036","","FHS ORIGINAL EXAM 5","","","","","","phv00177938","will need to look in variable description for specific exam. to isolate Original cohort Exam 5 one would need to specify IDTYPE=0 (Original cohort) and DATE5","1","0","","0","","","","","","",""
"1","fhs","MeasurementObservation","diastolic blood pressure","bp_diastolic","1","mm[Hg]","phv00000625","blood pressure: second examiner, diastolic, exam 2","mm[Hg]","1","pht000009","phv00001036","","FHS ORIGINAL EXAM 2","","","","","","phv00177932","will need to look in variable description for specific exam. to isolate Original cohort Exam 5 one would need to specify IDTYPE=0 (Original cohort) and DATE5","1","0","","0","","","","","","",""
"1","fhs","MeasurementObservation","diastolic blood pressure","bp_diastolic","1","mm[Hg]","phv00000621","blood pressure: admission, diastolic, exam 2","mm[Hg]","1","pht000009","phv00001036","","FHS ORIGINAL EXAM 2","","","","","","phv00177932","will need to look in variable description for specific exam. to isolate Original cohort Exam 5 one would need to specify IDTYPE=0 (Original cohort) and DATE5","1","0","","0","","","","","","",""
"1","fhs","MeasurementObservation","diastolic blood pressure","bp_diastolic","1","mm[Hg]","phv00000923","blood pressure: second examiner, diastolic, exam 7","mm[Hg]","1","pht000009","phv00001036","","FHS ORIGINAL EXAM 7","","","","","","phv00177942","will need to look in variable description for specific exam. to isolate Original cohort Exam 5 one would need to specify IDTYPE=0 (Original cohort) and DATE5","1","0","","0","","","","","","",""
"1","fhs","MeasurementObservation","diastolic blood pressure","bp_diastolic","1","mm[Hg]","phv00000919","blood pressure: admission, diastolic, exam 7","mm[Hg]","1","pht000009","phv00001036","","FHS ORIGINAL EXAM 7","","","","","","phv00177942","will need to look in variable description for specific exam. to isolate Original cohort Exam 5 one would need to specify IDTYPE=0 (Original cohort) and DATE5","1","0","","0","","","","","","",""
"1","fhs","MeasurementObservation","systolic blood pressure","bp_systolic","1","mm[Hg]","phv00000530","blood pressure: first examiner, systolic, exam 1","mm[Hg]","1","pht000009","phv00001036","","FHS ORIGINAL EXAM 1","","","","","","phv00177930","will need to look in variable description for specific exam. to isolate Original cohort Exam 5 one would need to specify IDTYPE=0 (Original cohort) and DATE5","1","0","","0","","","","","","",""
"1","fhs","MeasurementObservation","systolic blood pressure","bp_systolic","1","mm[Hg]","phv00000761","blood pressure: second examiner, systolic, exam 5","mm[Hg]","1","pht000009","phv00001036","","FHS ORIGINAL EXAM 5","","","","","","phv00177938","will need to look in variable description for specific exam. to isolate Original cohort Exam 5 one would need to specify IDTYPE=0 (Original cohort) and DATE5","1","0","","0","","","","","","",""
"1","fhs","MeasurementObservation","diastolic blood pressure","bp_diastolic","1","mm[Hg]","phv00000838","blood pressure: second examiner, diastolic, exam 6","mm[Hg]","1","pht000009","phv00001036","","FHS ORIGINAL EXAM 6","","","","","","phv00177940","will need to look in variable description for specific exam. to isolate Original cohort Exam 5 one would need to specify IDTYPE=0 (Original cohort) and DATE5","1","0","","0","","","","","","",""
"1","fhs","MeasurementObservation","diastolic blood pressure","bp_diastolic","1","mm[Hg]","phv00000720","blood pressure: first examiner, diastolic, exam 4","mm[Hg]","1","pht000009","phv00001036","","FHS ORIGINAL EXAM 4","","","","","","phv00177936","will need to look in variable description for specific exam. to isolate Original cohort Exam 5 one would need to specify IDTYPE=0 (Original cohort) and DATE5","1","0","","0","","","","","","",""
"0","fhs","MeasurementObservation","diastolic blood pressure","bp_diastolic","1","mm[Hg]","phv00000722","blood pressure: second examiner, diastolic, exam 4","mm[Hg]","1","pht000009","phv00001036","","FHS ORIGINAL EXAM 4","","","","","","phv00177936","will need to look in variable description for specific exam. to isolate Original cohort Exam 5 one would need to specify IDTYPE=0 (Original cohort) and DATE5","","0","","0","","","","","","1",""
"1","fhs","MeasurementObservation","diastolic blood pressure","bp_diastolic","1","mm[Hg]","phv00000623","blood pressure: first examiner, diastolic, exam 2","mm[Hg]","1","pht000009","phv00001036","","FHS ORIGINAL EXAM 2","","","","","","phv00177932","will need to look in variable description for specific exam. to isolate Original cohort Exam 5 one would need to specify IDTYPE=0 (Original cohort) and DATE5","1","0","","0","","","","","","",""
"1","fhs","MeasurementObservation","systolic blood pressure","bp_systolic","1","mm[Hg]","phv00000532","blood pressure: second examiner, systolic, exam 1","mm[Hg]","1","pht000009","phv00001036","","FHS ORIGINAL EXAM 1","","","","","","phv00177930","will need to look in variable description for specific exam. to isolate Original cohort Exam 5 one would need to specify IDTYPE=0 (Original cohort) and DATE5","1","0","","0","","","","","","",""
"1","fhs","MeasurementObservation","diastolic blood pressure","bp_diastolic","1","mm[Hg]","phv00000762","blood pressure: second examiner, diastolic, exam 5","mm[Hg]","1","pht000009","phv00001036","","FHS ORIGINAL EXAM 5","","","","","","phv00177938","will need to look in variable description for specific exam. to isolate Original cohort Exam 5 one would need to specify IDTYPE=0 (Original cohort) and DATE5","1","0","","0","","","","","","",""
"1","fhs","MeasurementObservation","diastolic blood pressure","bp_diastolic","1","mm[Hg]","phv00000641","blood pressure: admission, diastolic, exam 3","mm[Hg]","1","pht000009","phv00001036","","FHS ORIGINAL EXAM 3","","","","","","phv00177934","will need to look in variable description for specific exam. to isolate Original cohort Exam 5 one would need to specify IDTYPE=0 (Original cohort) and DATE5","1","0","","0","","","","","","",""
"1","fhs","MeasurementObservation","diastolic blood pressure","bp_diastolic","1","mm[Hg]","phv00000529","blood pressure: admission, diastolic, exam 1","mm[Hg]","1","pht000009","phv00001036","","FHS ORIGINAL EXAM 1","","","","","","phv00177930","will need to look in variable description for specific exam. to isolate Original cohort Exam 5 one would need to specify IDTYPE=0 (Original cohort) and DATE5","1","0","","0","","","","","","",""
"1","fhs","MeasurementObservation","systolic blood pressure","bp_systolic","1","mm[Hg]","phv00000837","blood pressure: second examiner, systolic, exam 6","mm[Hg]","1","pht000009","phv00001036","","FHS ORIGINAL EXAM 6","","","","","","phv00177940","will need to look in variable description for specific exam. to isolate Original cohort Exam 5 one would need to specify IDTYPE=0 (Original cohort) and DATE5","1","0","","0","","","","","","",""
"1","fhs","MeasurementObservation","diastolic blood pressure","bp_diastolic","1","mm[Hg]","phv00000531","blood pressure: first examiner, diastolic, exam 1","mm[Hg]","1","pht000009","phv00001036","","FHS ORIGINAL EXAM 1","","","","","","phv00177930","will need to look in variable description for specific exam. to isolate Original cohort Exam 5 one would need to specify IDTYPE=0 (Original cohort) and DATE5","1","0","","0","","","","","","",""
"1","fhs","MeasurementObservation","systolic blood pressure","bp_systolic","1","mm[Hg]","phv00000918","blood pressure: admission, systolic, exam 7","mm[Hg]","1","pht000009","phv00001036","","FHS ORIGINAL EXAM 7","","","","","","phv00177942","will need to look in variable description for specific exam. to isolate Original cohort Exam 5 one would need to specify IDTYPE=0 (Original cohort) and DATE5","1","0","","0","","","","","","",""
"1","fhs","MeasurementObservation","systolic blood pressure","bp_systolic","1","mm[Hg]","phv00000622","blood pressure: first examiner, systolic, exam 2","mm[Hg]","1","pht000009","phv00001036","","FHS ORIGINAL EXAM 2","","","","","","phv00177932","will need to look in variable description for specific exam. to isolate Original cohort Exam 5 one would need to specify IDTYPE=0 (Original cohort) and DATE5","1","0","","0","","","","","","",""
"1","fhs","MeasurementObservation","systolic blood pressure","bp_systolic","1","mm[Hg]","phv00000721","blood pressure: second examiner, systolic, exam 4","mm[Hg]","1","pht000009","phv00001036","","FHS ORIGINAL EXAM 4","","","","","","phv00177936","will need to look in variable description for specific exam. to isolate Original cohort Exam 5 one would need to specify IDTYPE=0 (Original cohort) and DATE5","1","0","","0","","","","","","",""
"1","fhs","MeasurementObservation","systolic blood pressure","bp_systolic","1","mm[Hg]","phv00000759","blood pressure: first examiner, systolic, exam 5","mm[Hg]","1","pht000009","phv00001036","","FHS ORIGINAL EXAM 5","","","","","","phv00177938","will need to look in variable description for specific exam. to isolate Original cohort Exam 5 one would need to specify IDTYPE=0 (Original cohort) and DATE5","1","0","","0","","","","","","",""
"1","fhs","MeasurementObservation","diastolic blood pressure","bp_diastolic","1","mm[Hg]","phv00000836","blood pressure: first examiner, diastolic, exam 6","mm[Hg]","1","pht000009","phv00001036","","FHS ORIGINAL EXAM 6","","","","","","phv00177940","will need to look in variable description for specific exam. to isolate Original cohort Exam 5 one would need to specify IDTYPE=0 (Original cohort) and DATE5","1","0","","0","","","","","","",""
"1","fhs","MeasurementObservation","systolic blood pressure","bp_systolic","1","mm[Hg]","phv00000642","blood pressure: first examiner, systolic, exam 3","mm[Hg]","1","pht000009","phv00001036","","FHS ORIGINAL EXAM 3","","","","","","phv00177934","will need to look in variable description for specific exam. to isolate Original cohort Exam 5 one would need to specify IDTYPE=0 (Original cohort) and DATE5","1","0","","0","","","","","","",""
"1","fhs","MeasurementObservation","systolic blood pressure","bp_systolic","1","mm[Hg]","phv00000620","blood pressure: admission, systolic, exam 2","mm[Hg]","1","pht000009","phv00001036","","FHS ORIGINAL EXAM 2","","","","","","phv00177932","will need to look in variable description for specific exam. to isolate Original cohort Exam 5 one would need to specify IDTYPE=0 (Original cohort) and DATE5","1","0","","0","","","","","","",""
"1","fhs","MeasurementObservation","systolic blood pressure","bp_systolic","1","mm[Hg]","phv00000644","blood pressure: second examiner, systolic, exam 3","mm[Hg]","1","pht000009","phv00001036","","FHS ORIGINAL EXAM 3","","","","","","phv00177934","will need to look in variable description for specific exam. to isolate Original cohort Exam 5 one would need to specify IDTYPE=0 (Original cohort) and DATE5","1","0","","0","","","","","","",""
"1","fhs","MeasurementObservation","systolic blood pressure","bp_systolic","1","mm[Hg]","phv00000757","blood pressure: admission, systolic, exam 5","mm[Hg]","1","pht000009","phv00001036","","FHS ORIGINAL EXAM 5","","","","","","phv00177938","will need to look in variable description for specific exam. to isolate Original cohort Exam 5 one would need to specify IDTYPE=0 (Original cohort) and DATE5","1","0","","0","","","","","","",""
"1","fhs","MeasurementObservation","systolic blood pressure","bp_systolic","1","mm[Hg]","phv00000920","blood pressure: first examiner, systolic, exam 7","mm[Hg]","1","pht000009","phv00001036","","FHS ORIGINAL EXAM 7","","","","","","phv00177942","will need to look in variable description for specific exam. to isolate Original cohort Exam 5 one would need to specify IDTYPE=0 (Original cohort) and DATE5","1","0","","0","","","","","","",""
"1","fhs","MeasurementObservation","diastolic blood pressure","bp_diastolic","1","mm[Hg]","phv00000921","blood pressure: first examiner, diastolic, exam 7","mm[Hg]","1","pht000009","phv00001036","","FHS ORIGINAL EXAM 7","","","","","","phv00177942","will need to look in variable description for specific exam. to isolate Original cohort Exam 5 one would need to specify IDTYPE=0 (Original cohort) and DATE5","1","0","","0","","","","","","",""
"1","fhs","MeasurementObservation","systolic blood pressure","bp_systolic","1","mm[Hg]","phv00000719","blood pressure: first examiner, systolic, exam 4","mm[Hg]","1","pht000009","phv00001036","","FHS ORIGINAL EXAM 4","","","","","","phv00177936","will need to look in variable description for specific exam. to isolate Original cohort Exam 5 one would need to specify IDTYPE=0 (Original cohort) and DATE5","1","0","","0","","","","","","",""
"1","fhs","MeasurementObservation","systolic blood pressure","bp_systolic","1","mm[Hg]","phv00000835","blood pressure: first examiner, systolic, exam 6","mm[Hg]","1","pht000009","phv00001036","","FHS ORIGINAL EXAM 6","","","","","","phv00177940","will need to look in variable description for specific exam. to isolate Original cohort Exam 5 one would need to specify IDTYPE=0 (Original cohort) and DATE5","1","0","","0","","","","","","",""
"1","fhs","MeasurementObservation","diastolic blood pressure","bp_diastolic","1","mm[Hg]","phv00000834","blood pressure: admission, diastolic, exam 6","mm[Hg]","1","pht000009","phv00001036","","FHS ORIGINAL EXAM 6","","","","","","phv00177940","will need to look in variable description for specific exam. to isolate Original cohort Exam 5 one would need to specify IDTYPE=0 (Original cohort) and DATE5","1","0","","0","","","","","","",""
"1","fhs","MeasurementObservation","systolic blood pressure","bp_systolic","1","mm[Hg]","phv00000528","blood pressure: admission, systolic, exam 1","mm[Hg]","1","pht000009","phv00001036","","FHS ORIGINAL EXAM 1","","","","","","phv00177930","will need to look in variable description for specific exam. to isolate Original cohort Exam 5 one would need to specify IDTYPE=0 (Original cohort) and DATE5","1","0","","0","","","","","","",""
"1","fhs","MeasurementObservation","diastolic blood pressure","bp_diastolic","1","mm[Hg]","phv00000760","blood pressure: first examiner, diastolic, exam 5","mm[Hg]","1","pht000009","phv00001036","","FHS ORIGINAL EXAM 5","","","","","","phv00177938","will need to look in variable description for specific exam. to isolate Original cohort Exam 5 one would need to specify IDTYPE=0 (Original cohort) and DATE5","1","0","","0","","","","","","",""
"1","fhs","MeasurementObservation","systolic blood pressure","bp_systolic","1","mm[Hg]","phv00000922","blood pressure: second examiner, systolic, exam 7","mm[Hg]","1","pht000009","phv00001036","","FHS ORIGINAL EXAM 7","","","","","","phv00177942","will need to look in variable description for specific exam. to isolate Original cohort Exam 5 one would need to specify IDTYPE=0 (Original cohort) and DATE5","1","0","","0","","","","","","",""
"1","fhs","MeasurementObservation","systolic blood pressure","bp_systolic","1","mm[Hg]","phv00000640","blood pressure: admission, systolic, exam 3","mm[Hg]","1","pht000009","phv00001036","","FHS ORIGINAL EXAM 3","","","","","","phv00177934","will need to look in variable description for specific exam. to isolate Original cohort Exam 5 one would need to specify IDTYPE=0 (Original cohort) and DATE5","1","0","","0","","","","","","",""
"1","fhs","MeasurementObservation","systolic blood pressure","bp_systolic","1","mm[Hg]","phv00000624","blood pressure: second examiner, systolic, exam 2","mm[Hg]","1","pht000009","phv00001036","","FHS ORIGINAL EXAM 2","","","","","","phv00177932","will need to look in variable description for specific exam. to isolate Original cohort Exam 5 one would need to specify IDTYPE=0 (Original cohort) and DATE5","1","0","","0","","","","","","",""
"0","fhs","MeasurementObservation","diastolic blood pressure","bp_diastolic","1","mm[Hg]","phv00021093","diastolic blood pressure: physician's first reading (to nearest 2mm hg)","mm[Hg]","1","pht000074","phv00021427","1","FHS GENERATION 3 EXAM 1","","","","","1","phv00177930","see pht003099 for ages at all exams","","0","","0","","","","","","1",""
"0","fhs","MeasurementObservation","systolic blood pressure","bp_systolic","1","mm[Hg]","phv00021092","systolic blood pressure: physician's first reading (to nearest 2mm hg)","mm[Hg]","1","pht000074","phv00021427","1","FHS GENERATION 3 EXAM 1","","","","","1","phv00177930","see pht003099 for ages at all exams","","0","","0","","","","","","1",""
"0","fhs","MeasurementObservation","diastolic blood pressure","bp_diastolic","1","mm[Hg]","phv00021148","diastolic blood pressure: physician's second reading (to nearest 2mm hg)","mm[Hg]","1","pht000074","phv00021427","1","FHS GENERATION 3 EXAM 1","","","","","1","phv00177930","see pht003099 for ages at all exams","","0","","0","","","","","","1",""
"0","fhs","MeasurementObservation","systolic blood pressure","bp_systolic","1","mm[Hg]","phv00021147","systolic blood pressure: physician's second reading (to nearest 2mm hg)","mm[Hg]","1","pht000074","phv00021427","1","FHS GENERATION 3 EXAM 1","","","","","1","phv00177930","see pht003099 for ages at all exams","","0","","0","","","","","","1",""
"0","fhs","MeasurementObservation","systolic blood pressure","bp_systolic","1","mm[Hg]","phv00021575","systolic blood pressure by doppler in right ankle","mm[Hg]","1","pht000076","phv00021587","1","FHS OFFSPRING COHORT EXAM 7","","","","","1","phv00177942","","","0","","0","","","","","","1",""
"0","fhs","MeasurementObservation","systolic blood pressure","bp_systolic","1","mm[Hg]","phv00021581","repeat systolic blood pressure measurement by doppler in left arm","mm[Hg]","1","pht000076","phv00021587","1","FHS OFFSPRING COHORT EXAM 7","","","","","1","phv00177942","","","0","","0","","","","","","1",""
"0","fhs","MeasurementObservation","systolic blood pressure","bp_systolic","1","mm[Hg]","phv00021572","systolic blood pressure by doppler in right arm","mm[Hg]","1","pht000076","phv00021587","1","FHS OFFSPRING COHORT EXAM 7","","","","","1","phv00177942","","","0","","0","","","","","","1",""
"0","fhs","MeasurementObservation","systolic blood pressure","bp_systolic","1","mm[Hg]","phv00021573","systolic blood pressure by doppler in left arm","mm[Hg]","1","pht000076","phv00021587","1","FHS OFFSPRING COHORT EXAM 7","","","","","1","phv00177942","","","0","","0","","","","","","1",""
"0","fhs","MeasurementObservation","systolic blood pressure","bp_systolic","1","mm[Hg]","phv00021577","if dorsalis pedis used: systolic blood pressure by doppler in right ankle","mm[Hg]","1","pht000076","phv00021587","1","FHS OFFSPRING COHORT EXAM 7","","","","","1","phv00177942","","","0","","0","","","","","","1",""
"0","fhs","MeasurementObservation","systolic blood pressure","bp_systolic","1","mm[Hg]","phv00021579","repeat systolic blood pressure measurement by doppler in left ankle","mm[Hg]","1","pht000076","phv00021587","1","FHS OFFSPRING COHORT EXAM 7","","","","","1","phv00177942","","","0","","0","","","","","","1",""
"0","fhs","MeasurementObservation","systolic blood pressure","bp_systolic","1","mm[Hg]","phv00021578","if dorsalis pedis used: systolic blood pressure by doppler in left ankle","mm[Hg]","1","pht000076","phv00021587","1","FHS OFFSPRING COHORT EXAM 7","","","","","1","phv00177942","","","0","","0","","","","","","1",""
"0","fhs","MeasurementObservation","systolic blood pressure","bp_systolic","1","mm[Hg]","phv00021580","repeat systolic blood pressure measurement by doppler in right ankle","mm[Hg]","1","pht000076","phv00021587","1","FHS OFFSPRING COHORT EXAM 7","","","","","1","phv00177942","","","0","","0","","","","","","1",""
"0","fhs","MeasurementObservation","systolic blood pressure","bp_systolic","1","mm[Hg]","phv00021576","systolic blood pressure by doppler in left ankle","mm[Hg]","1","pht000076","phv00021587","1","FHS OFFSPRING COHORT EXAM 7","","","","","1","phv00177942","","","0","","0","","","","","","1",""
"0","fhs","MeasurementObservation","systolic blood pressure","bp_systolic","1","mm[Hg]","phv00021597","if dorsalis pedis used: systolic blood pressure by doppler in left ankle","mm[Hg]","1","pht000077","phv00021606","1","FHS OFFSPRING EXAM 6","","","","","1","phv00177940","","","0","","0","","","","","","1",""
"0","fhs","MeasurementObservation","systolic blood pressure","bp_systolic","1","mm[Hg]","phv00021591","systolic blood pressure by doppler in right arm","mm[Hg]","1","pht000077","phv00021606","1","FHS OFFSPRING EXAM 6","","","","","1","phv00177940","","","0","","0","","","","","","1",""
"0","fhs","MeasurementObservation","systolic blood pressure","bp_systolic","1","mm[Hg]","phv00021592","systolic blood pressure by doppler in left arm","mm[Hg]","1","pht000077","phv00021606","1","FHS OFFSPRING EXAM 6","","","","","1","phv00177940","","","0","","0","","","","","","1",""
"0","fhs","MeasurementObservation","systolic blood pressure","bp_systolic","1","mm[Hg]","phv00021596","if dorsalis pedis used: systolic blood pressure by doppler in right ankle","mm[Hg]","1","pht000077","phv00021606","1","FHS OFFSPRING EXAM 6","","","","","1","phv00177940","","","0","","0","","","","","","1",""
"0","fhs","MeasurementObservation","systolic blood pressure","bp_systolic","1","mm[Hg]","phv00021594","systolic blood pressure by doppler in right ankle","mm[Hg]","1","pht000077","phv00021606","1","FHS OFFSPRING EXAM 6","","","","","1","phv00177940","","","0","","0","","","","","","1",""
"0","fhs","MeasurementObservation","systolic blood pressure","bp_systolic","1","mm[Hg]","phv00021595","systolic blood pressure by doppler in left ankle","mm[Hg]","1","pht000077","phv00021606","1","FHS OFFSPRING EXAM 6","","","","","1","phv00177940","","","0","","0","","","","","","1",""
"0","fhs","MeasurementObservation","systolic blood pressure","bp_systolic","1","mm[Hg]","phv00023139","repeat systolic blood pressure measurement by doppler in right ankle","mm[Hg]","1","pht000138","phv00023146","1","FHS ORIGINAL EXAM 23","","","","","1","phv00177974","","","0","","0","","","","","","1",""
"0","fhs","MeasurementObservation","systolic blood pressure","bp_systolic","1","mm[Hg]","phv00023138","repeat systolic blood pressure measurement by doppler in left ankle","mm[Hg]","1","pht000138","phv00023146","1","FHS ORIGINAL EXAM 23","","","","","1","phv00177974","","","0","","0","","","","","","1",""
"0","fhs","MeasurementObservation","systolic blood pressure","bp_systolic","1","mm[Hg]","phv00023132","systolic blood pressure by doppler in left arm","mm[Hg]","1","pht000138","phv00023146","1","FHS ORIGINAL EXAM 23","","","","","1","phv00177974","","","0","","0","","","","","","1",""
"0","fhs","MeasurementObservation","systolic blood pressure","bp_systolic","1","mm[Hg]","phv00023135","systolic blood pressure by doppler in left ankle","mm[Hg]","1","pht000138","phv00023146","1","FHS ORIGINAL EXAM 23","","","","","1","phv00177974","","","0","","0","","","","","","1",""
"0","fhs","MeasurementObservation","systolic blood pressure","bp_systolic","1","mm[Hg]","phv00023137","if dorsalis pedis used: systolic blood pressure by doppler in left arm","mm[Hg]","1","pht000138","phv00023146","1","FHS ORIGINAL EXAM 23","","","","","1","phv00177974","","","0","","0","","","","","","1",""
"0","fhs","MeasurementObservation","systolic blood pressure","bp_systolic","1","mm[Hg]","phv00023131","systolic blood pressure by doppler in right arm","mm[Hg]","1","pht000138","phv00023146","1","FHS ORIGINAL EXAM 23","","","","","1","phv00177974","","","0","","0","","","","","","1",""
"0","fhs","MeasurementObservation","systolic blood pressure","bp_systolic","1","mm[Hg]","phv00023140","repeat systolic blood pressure measurement by doppler in left arm","mm[Hg]","1","pht000138","phv00023146","1","FHS ORIGINAL EXAM 23","","","","","1","phv00177974","","","0","","0","","","","","","1",""
"0","fhs","MeasurementObservation","systolic blood pressure","bp_systolic","1","mm[Hg]","phv00023136","if dorsalis pedis used: systolic blood pressure by doppler in right arm","mm[Hg]","1","pht000138","phv00023146","1","FHS ORIGINAL EXAM 23","","","","","1","phv00177974","","","0","","0","","","","","","1",""
"0","fhs","MeasurementObservation","systolic blood pressure","bp_systolic","1","mm[Hg]","phv00023134","systolic blood pressure by doppler in right ankle","mm[Hg]","1","pht000138","phv00023146","1","FHS ORIGINAL EXAM 23","","","","","1","phv00177974","","","0","","0","","","","","","1",""
"0","fhs","MeasurementObservation","systolic blood pressure","bp_systolic","1","mm[Hg]","phv00055256","seated systolic blood pressure","mm[Hg]","1","pht000395","phv00056635","1","FHS SLEEP HEART HEALTH STUDY (SHHS) BASELINE","","","","","","","this is a weird one. The SHHS dataset is a derived dataset that uses previously collected measurements from other FHS tables, plus adds some new ones. Age and visit are both obscured by the derivation","","0","","0","","","","","","1",""
"0","fhs","MeasurementObservation","diastolic blood pressure","bp_diastolic","1","mm[Hg]","phv00055257","seated diastolic blood pressure","mm[Hg]","1","pht000395","phv00056635","1","FHS SLEEP HEART HEALTH STUDY (SHHS) BASELINE","","","","","","","this is a weird one. The SHHS dataset is a derived dataset that uses previously collected measurements from other FHS tables, plus adds some new ones. Age and visit are both obscured by the derivation","","0","","0","","","","","","1",""
"0","fhs","MeasurementObservation","systolic blood pressure","bp_systolic","1","mm[Hg]","phv00520255","systolic blood pressure: third reading","mm[Hg]","1","pht000396","phv00056722","1","FHS SLEEP HEART HEALTH STUDY (SHHS) FOLLOW UP 1","","","","","","","","","0","","0","","","","","","1",""
"0","fhs","MeasurementObservation","systolic blood pressure","bp_systolic","1","mm[Hg]","phv00520251","systolic blood pressure: first reading","mm[Hg]","1","pht000396","phv00056722","1","FHS SLEEP HEART HEALTH STUDY (SHHS) FOLLOW UP 1","","","","","","","","","0","","0","","","","","","1",""
"0","fhs","MeasurementObservation","systolic blood pressure","bp_systolic","1","mm[Hg]","phv00520257","average systolic blood pressure","mm[Hg]","1","pht000396","phv00056722","1","FHS SLEEP HEART HEALTH STUDY (SHHS) FOLLOW UP 1","","","","","","","","","0","","0","","","","","","1",""
"0","fhs","MeasurementObservation","systolic blood pressure","bp_systolic","1","mm[Hg]","phv00520253","systolic blood pressure: second reading","mm[Hg]","1","pht000396","phv00056722","1","FHS SLEEP HEART HEALTH STUDY (SHHS) FOLLOW UP 1","","","","","","","","","0","","0","","","","","","1",""
"0","fhs","MeasurementObservation","systolic blood pressure","bp_systolic","1","mm[Hg]","phv00461149","systolic blood pressure: technician's reading","","1","pht004813","phv00250282","1","FHS OMNI 1 CLINIC EXAM 1","","","","","1","phv00177930","","","0","","0","","","","1","","","phv doesn't exist in dbgap"
"0","fhs","MeasurementObservation","systolic blood pressure","bp_systolic","1","mm[Hg]","phv00461004","systolic blood pressure: physician's first reading","","1","pht004813","phv00250282","1","FHS OMNI 1 CLINIC EXAM 1","","","","","1","phv00177930","","","0","","0","","","","1","","","phv doesn't exist in dbgap"
"0","fhs","MeasurementObservation","systolic blood pressure","bp_systolic","1","mm[Hg]","phv00461059","systolic blood pressure: physician's second reading","","1","pht004813","phv00250282","1","FHS OMNI 1 CLINIC EXAM 1","","","","","1","phv00177930","","","0","","0","","","","1","","","phv doesn't exist in dbgap"
"0","fhs","MeasurementObservation","systolic blood pressure","bp_systolic","1","mm[Hg]","phv00461587","physical exam - physician blood pressure first reading - systolic (nearest 2mm hg)","mm[Hg]","1","pht006006","phv00274193","1","FHS OMNI 2, EXAM 1","","","","","1","phv00177930","","1","0","","0","","","","","","1",""
"0","fhs","MeasurementObservation","systolic blood pressure","bp_systolic","1","mm[Hg]","phv00461319","numerical data - part i: nurse's blood pressure - systolic (nearest 2mm hg)","mm[Hg]","1","pht006006","phv00274193","1","FHS OMNI 2, EXAM 1","","","","","1","phv00177930","","1","0","","0","","","","","","1",""
"0","fhs","MeasurementObservation","systolic blood pressure","bp_systolic","1","mm[Hg]","phv00461678","physical exam - physician blood pressure second reading - systolic (nearest 2mm hg)","mm[Hg]","1","pht006006","phv00274193","1","FHS OMNI 2, EXAM 1","","","","","1","phv00177930","","1","0","","0","","","","","","1",""
"0","fhs","MeasurementObservation","systolic blood pressure","bp_systolic","1","mm[Hg]","phv00274822","physical exam - physician blood pressure 2nd reading - systolic (nearest 2mm hg)","mm[Hg]","1","pht006007","phv00274708","1","FHS ORIGINAL EXAM 31","","","","","1","phv00227005","","1","0","","0","","","","","","1",""
"0","fhs","MeasurementObservation","diastolic blood pressure","bp_diastolic","1","mm[Hg]","phv00274824","physical exam - physician blood pressure 2nd reading - diastolic (nearest 2mm hg)","mm[Hg]","1","pht006007","phv00274708","1","FHS ORIGINAL EXAM 31","","","","","1","phv00227005","","1","0","","0","","","","","","1",""
"0","fhs","MeasurementObservation","systolic blood pressure","bp_systolic","1","mm[Hg]","phv00275179","physical exam - physician blood pressure 2nd reading - systolic (nearest 2mm hg)","mm[Hg]","1","pht006008","phv00275063","1","FHS ORIGINAL EXAM 32","","","","","1","phv00227008","","1","0","","0","","","","","","1",""
"0","fhs","MeasurementObservation","diastolic blood pressure","bp_diastolic","1","mm[Hg]","phv00275181","physical exam - physician blood pressure 2nd reading - diastolic (nearest 2mm hg)","mm[Hg]","1","pht006008","phv00275063","1","FHS ORIGINAL EXAM 32","","","","","1","phv00227008","","1","0","","0","","","","","","1",""
"1","fhs","MeasurementObservation","systolic blood pressure","bp_systolic","1","mm[Hg]","phv00370052","average systolic blood pressure, exam 22","mm[Hg]","1","pht007777","phv00369651","","FHS ORIGINAL EXAM 22","","","","","","phv00369675","will need to look in variable description for exam, and find separate variables for age at each exam","1","0","","0","","","","","","",""
"1","fhs","MeasurementObservation","systolic blood pressure","bp_systolic","1","mm[Hg]","phv00370034","average systolic blood pressure, exam 4","mm[Hg]","1","pht007777","phv00369651","","FHS ORIGINAL EXAM 4","","","","","","phv00369657","will need to look in variable description for exam, and find separate variables for age at each exam","1","0","","0","","","","","","",""
"1","fhs","MeasurementObservation","diastolic blood pressure","bp_diastolic","1","mm[Hg]","phv00369863","average diastolic blood pressure, exam 25","mm[Hg]","1","pht007777","phv00369651","","FHS ORIGINAL EXAM 25","","","","","","phv00369678","will need to look in variable description for exam, and find separate variables for age at each exam","1","0","","0","","","","","","",""
"1","fhs","MeasurementObservation","diastolic blood pressure","bp_diastolic","1","mm[Hg]","phv00369857","average diastolic blood pressure, exam 19","mm[Hg]","1","pht007777","phv00369651","","FHS ORIGINAL EXAM 19","","","","","","phv00369672","will need to look in variable description for exam, and find separate variables for age at each exam","1","0","","0","","","","","","",""
"1","fhs","MeasurementObservation","diastolic blood pressure","bp_diastolic","1","mm[Hg]","phv00369855","average diastolic blood pressure, exam 17","mm[Hg]","1","pht007777","phv00369651","","FHS ORIGINAL EXAM 17","","","","","","phv00369670","will need to look in variable description for exam, and find separate variables for age at each exam","1","0","","0","","","","","","",""
"1","fhs","MeasurementObservation","systolic blood pressure","bp_systolic","1","mm[Hg]","phv00370035","average systolic blood pressure, exam 5","mm[Hg]","1","pht007777","phv00369651","","FHS ORIGINAL EXAM 5","","","","","","phv00369658","will need to look in variable description for exam, and find separate variables for age at each exam","1","0","","0","","","","","","",""
"1","fhs","MeasurementObservation","systolic blood pressure","bp_systolic","1","mm[Hg]","phv00370049","average systolic blood pressure, exam 19","mm[Hg]","1","pht007777","phv00369651","","FHS ORIGINAL EXAM 19","","","","","","phv00369672","will need to look in variable description for exam, and find separate variables for age at each exam","1","0","","0","","","","","","",""
"1","fhs","MeasurementObservation","diastolic blood pressure","bp_diastolic","1","mm[Hg]","phv00369853","average diastolic blood pressure, exam 15","mm[Hg]","1","pht007777","phv00369651","","FHS ORIGINAL EXAM 15","","","","","","phv00369668","will need to look in variable description for exam, and find separate variables for age at each exam","1","0","","0","","","","","","",""
"1","fhs","MeasurementObservation","systolic blood pressure","bp_systolic","1","mm[Hg]","phv00370054","average systolic blood pressure, exam 24","mm[Hg]","1","pht007777","phv00369651","","FHS ORIGINAL EXAM 24","","","","","","phv00369677","will need to look in variable description for exam, and find separate variables for age at each exam","1","0","","0","","","","","","",""
"1","fhs","MeasurementObservation","diastolic blood pressure","bp_diastolic","1","mm[Hg]","phv00369851","average diastolic blood pressure, exam 13","mm[Hg]","1","pht007777","phv00369651","","FHS ORIGINAL EXAM 13","","","","","","phv00369666","will need to look in variable description for exam, and find separate variables for age at each exam","1","0","","0","","","","","","",""
"1","fhs","MeasurementObservation","systolic blood pressure","bp_systolic","1","mm[Hg]","phv00370062","average systolic blood pressure, exam 32","mm[Hg]","1","pht007777","phv00369651","","FHS ORIGINAL EXAM 32","","","","","","phv00369685","will need to look in variable description for exam, and find separate variables for age at each exam","1","0","","0","","","","","","",""
"1","fhs","MeasurementObservation","diastolic blood pressure","bp_diastolic","1","mm[Hg]","phv00369850","average diastolic blood pressure, exam 12","mm[Hg]","1","pht007777","phv00369651","","FHS ORIGINAL EXAM 12","","","","","","phv00369665","will need to look in variable description for exam, and find separate variables for age at each exam","1","0","","0","","","","","","",""
"1","fhs","MeasurementObservation","diastolic blood pressure","bp_diastolic","1","mm[Hg]","phv00369862","average diastolic blood pressure, exam 24","mm[Hg]","1","pht007777","phv00369651","","FHS ORIGINAL EXAM 24","","","","","","phv00369677","will need to look in variable description for exam, and find separate variables for age at each exam","1","0","","0","","","","","","",""
"1","fhs","MeasurementObservation","diastolic blood pressure","bp_diastolic","1","mm[Hg]","phv00369860","average diastolic blood pressure, exam 22","mm[Hg]","1","pht007777","phv00369651","","FHS ORIGINAL EXAM 22","","","","","","phv00369675","will need to look in variable description for exam, and find separate variables for age at each exam","1","0","","0","","","","","","",""
"1","fhs","MeasurementObservation","systolic blood pressure","bp_systolic","1","mm[Hg]","phv00370059","average systolic blood pressure, exam 29","mm[Hg]","1","pht007777","phv00369651","","FHS ORIGINAL EXAM 29","","","","","","phv00369682","will need to look in variable description for exam, and find separate variables for age at each exam","1","0","","0","","","","","","",""
"1","fhs","MeasurementObservation","diastolic blood pressure","bp_diastolic","1","mm[Hg]","phv00369870","average diastolic blood pressure, exam 32","mm[Hg]","1","pht007777","phv00369651","","FHS ORIGINAL EXAM 32","","","","","","phv00369685","will need to look in variable description for exam, and find separate variables for age at each exam","1","0","","0","","","","","","",""
"1","fhs","MeasurementObservation","diastolic blood pressure","bp_diastolic","1","mm[Hg]","phv00369858","average diastolic blood pressure, exam 20","mm[Hg]","1","pht007777","phv00369651","","FHS ORIGINAL EXAM 20","","","","","","phv00369673","will need to look in variable description for exam, and find separate variables for age at each exam","1","0","","0","","","","","","",""
"1","fhs","MeasurementObservation","diastolic blood pressure","bp_diastolic","1","mm[Hg]","phv00369844","average diastolic blood pressure, exam 6","mm[Hg]","1","pht007777","phv00369651","","FHS ORIGINAL EXAM 6","","","","","","phv00369659","will need to look in variable description for exam, and find separate variables for age at each exam","1","0","","0","","","","","","",""
"1","fhs","MeasurementObservation","diastolic blood pressure","bp_diastolic","1","mm[Hg]","phv00369847","average diastolic blood pressure, exam 9","mm[Hg]","1","pht007777","phv00369651","","FHS ORIGINAL EXAM 9","","","","","","phv00369662","will need to look in variable description for exam, and find separate variables for age at each exam","1","0","","0","","","","","","",""
"1","fhs","MeasurementObservation","diastolic blood pressure","bp_diastolic","1","mm[Hg]","phv00369867","average diastolic blood pressure, exam 29","mm[Hg]","1","pht007777","phv00369651","","FHS ORIGINAL EXAM 29","","","","","","phv00369682","will need to look in variable description for exam, and find separate variables for age at each exam","1","0","","0","","","","","","",""
"1","fhs","MeasurementObservation","diastolic blood pressure","bp_diastolic","1","mm[Hg]","phv00369854","average diastolic blood pressure, exam 16","mm[Hg]","1","pht007777","phv00369651","","FHS ORIGINAL EXAM 16","","","","","","phv00369669","will need to look in variable description for exam, and find separate variables for age at each exam","1","0","","0","","","","","","",""
"1","fhs","MeasurementObservation","diastolic blood pressure","bp_diastolic","1","mm[Hg]","phv00369843","average diastolic blood pressure, exam 5","mm[Hg]","1","pht007777","phv00369651","","FHS ORIGINAL EXAM 5","","","","","","phv00369658","will need to look in variable description for exam, and find separate variables for age at each exam","1","0","","0","","","","","","",""
"1","fhs","MeasurementObservation","diastolic blood pressure","bp_diastolic","1","mm[Hg]","phv00369841","average diastolic blood pressure, exam 3","mm[Hg]","1","pht007777","phv00369651","","FHS ORIGINAL EXAM 3","","","","","","phv00369656","will need to look in variable description for exam, and find separate variables for age at each exam","1","0","","0","","","","","","",""
"1","fhs","MeasurementObservation","systolic blood pressure","bp_systolic","1","mm[Hg]","phv00370058","average systolic blood pressure, exam 28","mm[Hg]","1","pht007777","phv00369651","","FHS ORIGINAL EXAM 28","","","","","","phv00369681","will need to look in variable description for exam, and find separate variables for age at each exam","1","0","","0","","","","","","",""
"1","fhs","MeasurementObservation","systolic blood pressure","bp_systolic","1","mm[Hg]","phv00370061","average systolic blood pressure, exam 31","mm[Hg]","1","pht007777","phv00369651","","FHS ORIGINAL EXAM 31","","","","","","phv00369684","will need to look in variable description for exam, and find separate variables for age at each exam","1","0","","0","","","","","","",""
"1","fhs","MeasurementObservation","diastolic blood pressure","bp_diastolic","1","mm[Hg]","phv00369848","average diastolic blood pressure, exam 10","mm[Hg]","1","pht007777","phv00369651","","FHS ORIGINAL EXAM 10","","","","","","phv00369663","will need to look in variable description for exam, and find separate variables for age at each exam","1","0","","0","","","","","","",""
"1","fhs","MeasurementObservation","diastolic blood pressure","bp_diastolic","1","mm[Hg]","phv00369868","average diastolic blood pressure, exam 30","mm[Hg]","1","pht007777","phv00369651","","FHS ORIGINAL EXAM 30","","","","","","phv00369683","will need to look in variable description for exam, and find separate variables for age at each exam","1","0","","0","","","","","","",""
"1","fhs","MeasurementObservation","diastolic blood pressure","bp_diastolic","1","mm[Hg]","phv00369869","average diastolic blood pressure, exam 31","mm[Hg]","1","pht007777","phv00369651","","FHS ORIGINAL EXAM 31","","","","","","phv00369684","will need to look in variable description for exam, and find separate variables for age at each exam","1","0","","0","","","","","","",""
"1","fhs","MeasurementObservation","diastolic blood pressure","bp_diastolic","1","mm[Hg]","phv00369842","average diastolic blood pressure, exam 4","mm[Hg]","1","pht007777","phv00369651","","FHS ORIGINAL EXAM 4","","","","","","phv00369657","will need to look in variable description for exam, and find separate variables for age at each exam","1","0","","0","","","","","","",""
"1","fhs","MeasurementObservation","diastolic blood pressure","bp_diastolic","1","mm[Hg]","phv00369849","average diastolic blood pressure, exam 11","mm[Hg]","1","pht007777","phv00369651","","FHS ORIGINAL EXAM 11","","","","","","phv00369664","will need to look in variable description for exam, and find separate variables for age at each exam","1","0","","0","","","","","","",""
"1","fhs","MeasurementObservation","diastolic blood pressure","bp_diastolic","1","mm[Hg]","phv00369866","average diastolic blood pressure, exam 28","mm[Hg]","1","pht007777","phv00369651","","FHS ORIGINAL EXAM 28","","","","","","phv00369681","will need to look in variable description for exam, and find separate variables for age at each exam","1","0","","0","","","","","","",""
"1","fhs","MeasurementObservation","systolic blood pressure","bp_systolic","1","mm[Hg]","phv00370038","average systolic blood pressure, exam 8","mm[Hg]","1","pht007777","phv00369651","","FHS ORIGINAL EXAM 8","","","","","","phv00369661","will need to look in variable description for exam, and find separate variables for age at each exam","1","0","","0","","","","","","",""
"1","fhs","MeasurementObservation","systolic blood pressure","bp_systolic","1","mm[Hg]","phv00370060","average systolic blood pressure, exam 30","mm[Hg]","1","pht007777","phv00369651","","FHS ORIGINAL EXAM 30","","","","","","phv00369683","will need to look in variable description for exam, and find separate variables for age at each exam","1","0","","0","","","","","","",""
"1","fhs","MeasurementObservation","systolic blood pressure","bp_systolic","1","mm[Hg]","phv00370056","average systolic blood pressure, exam 26","mm[Hg]","1","pht007777","phv00369651","","FHS ORIGINAL EXAM 26","","","","","","phv00369679","will need to look in variable description for exam, and find separate variables for age at each exam","1","0","","0","","","","","","",""
"1","fhs","MeasurementObservation","diastolic blood pressure","bp_diastolic","1","mm[Hg]","phv00369852","average diastolic blood pressure, exam 14","mm[Hg]","1","pht007777","phv00369651","","FHS ORIGINAL EXAM 14","","","","","","phv00369667","will need to look in variable description for exam, and find separate variables for age at each exam","1","0","","0","","","","","","",""
"1","fhs","MeasurementObservation","systolic blood pressure","bp_systolic","1","mm[Hg]","phv00370031","average systolic blood pressure, exam 1","mm[Hg]","1","pht007777","phv00369651","","FHS ORIGINAL EXAM 1","","","","","","phv00369654","will need to look in variable description for exam, and find separate variables for age at each exam","1","0","","0","","","","","","",""
"1","fhs","MeasurementObservation","diastolic blood pressure","bp_diastolic","1","mm[Hg]","phv00369845","average diastolic blood pressure, exam 7","mm[Hg]","1","pht007777","phv00369651","","FHS ORIGINAL EXAM 7","","","","","","phv00369660","will need to look in variable description for exam, and find separate variables for age at each exam","1","0","","0","","","","","","",""
"1","fhs","MeasurementObservation","systolic blood pressure","bp_systolic","1","mm[Hg]","phv00370047","average systolic blood pressure, exam 17","mm[Hg]","1","pht007777","phv00369651","","FHS ORIGINAL EXAM 17","","","","","","phv00369670","will need to look in variable description for exam, and find separate variables for age at each exam","1","0","","0","","","","","","",""
"1","fhs","MeasurementObservation","systolic blood pressure","bp_systolic","1","mm[Hg]","phv00370055","average systolic blood pressure, exam 25","mm[Hg]","1","pht007777","phv00369651","","FHS ORIGINAL EXAM 25","","","","","","phv00369678","will need to look in variable description for exam, and find separate variables for age at each exam","1","0","","0","","","","","","",""
"1","fhs","MeasurementObservation","systolic blood pressure","bp_systolic","1","mm[Hg]","phv00370039","average systolic blood pressure, exam 9","mm[Hg]","1","pht007777","phv00369651","","FHS ORIGINAL EXAM 9","","","","","","phv00369662","will need to look in variable description for exam, and find separate variables for age at each exam","1","0","","0","","","","","","",""
"1","fhs","MeasurementObservation","systolic blood pressure","bp_systolic","1","mm[Hg]","phv00370048","average systolic blood pressure, exam 18","mm[Hg]","1","pht007777","phv00369651","","FHS ORIGINAL EXAM 18","","","","","","phv00369671","will need to look in variable description for exam, and find separate variables for age at each exam","1","0","","0","","","","","","",""
"1","fhs","MeasurementObservation","systolic blood pressure","bp_systolic","1","mm[Hg]","phv00370045","average systolic blood pressure, exam 15","mm[Hg]","1","pht007777","phv00369651","","FHS ORIGINAL EXAM 15","","","","","","phv00369668","will need to look in variable description for exam, and find separate variables for age at each exam","1","0","","0","","","","","","",""
"1","fhs","MeasurementObservation","systolic blood pressure","bp_systolic","1","mm[Hg]","phv00370033","average systolic blood pressure, exam 3","mm[Hg]","1","pht007777","phv00369651","","FHS ORIGINAL EXAM 3","","","","","","phv00369656","will need to look in variable description for exam, and find separate variables for age at each exam","1","0","","0","","","","","","",""
"1","fhs","MeasurementObservation","systolic blood pressure","bp_systolic","1","mm[Hg]","phv00370042","average systolic blood pressure, exam 12","mm[Hg]","1","pht007777","phv00369651","","FHS ORIGINAL EXAM 12","","","","","","phv00369665","will need to look in variable description for exam, and find separate variables for age at each exam","1","0","","0","","","","","","",""
"1","fhs","MeasurementObservation","systolic blood pressure","bp_systolic","1","mm[Hg]","phv00370046","average systolic blood pressure, exam 16","mm[Hg]","1","pht007777","phv00369651","","FHS ORIGINAL EXAM 16","","","","","","phv00369669","will need to look in variable description for exam, and find separate variables for age at each exam","1","0","","0","","","","","","",""
"1","fhs","MeasurementObservation","systolic blood pressure","bp_systolic","1","mm[Hg]","phv00370041","average systolic blood pressure, exam 11","mm[Hg]","1","pht007777","phv00369651","","FHS ORIGINAL EXAM 11","","","","","","phv00369664","will need to look in variable description for exam, and find separate variables for age at each exam","1","0","","0","","","","","","",""
"1","fhs","MeasurementObservation","systolic blood pressure","bp_systolic","1","mm[Hg]","phv00370037","average systolic blood pressure, exam 7","mm[Hg]","1","pht007777","phv00369651","","FHS ORIGINAL EXAM 7","","","","","","phv00369660","will need to look in variable description for exam, and find separate variables for age at each exam","1","0","","0","","","","","","",""
"1","fhs","MeasurementObservation","systolic blood pressure","bp_systolic","1","mm[Hg]","phv00370036","average systolic blood pressure, exam 6","mm[Hg]","1","pht007777","phv00369651","","FHS ORIGINAL EXAM 6","","","","","","phv00369659","will need to look in variable description for exam, and find separate variables for age at each exam","1","0","","0","","","","","","",""
"1","fhs","MeasurementObservation","systolic blood pressure","bp_systolic","1","mm[Hg]","phv00370051","average systolic blood pressure, exam 21","mm[Hg]","1","pht007777","phv00369651","","FHS ORIGINAL EXAM 21","","","","","","phv00369674","will need to look in variable description for exam, and find separate variables for age at each exam","1","0","","0","","","","","","",""
"1","fhs","MeasurementObservation","diastolic blood pressure","bp_diastolic","1","mm[Hg]","phv00369839","average diastolic blood pressure, exam 1","mm[Hg]","1","pht007777","phv00369651","","FHS ORIGINAL EXAM 1","","","","","","phv00369654","will need to look in variable description for exam, and find separate variables for age at each exam","1","0","","0","","","","","","",""
"1","fhs","MeasurementObservation","diastolic blood pressure","bp_diastolic","1","mm[Hg]","phv00369840","average diastolic blood pressure, exam 2","mm[Hg]","1","pht007777","phv00369651","","FHS ORIGINAL EXAM 2","","","","","","phv00369655","will need to look in variable description for exam, and find separate variables for age at each exam","1","0","","0","","","","","","",""
"1","fhs","MeasurementObservation","diastolic blood pressure","bp_diastolic","1","mm[Hg]","phv00369856","average diastolic blood pressure, exam 18","mm[Hg]","1","pht007777","phv00369651","","FHS ORIGINAL EXAM 18","","","","","","phv00369671","will need to look in variable description for exam, and find separate variables for age at each exam","1","0","","0","","","","","","",""
"1","fhs","MeasurementObservation","systolic blood pressure","bp_systolic","1","mm[Hg]","phv00370032","average systolic blood pressure, exam 2","mm[Hg]","1","pht007777","phv00369651","","FHS ORIGINAL EXAM 2","","","","","","phv00369655","will need to look in variable description for exam, and find separate variables for age at each exam","1","0","","0","","","","","","",""
"1","fhs","MeasurementObservation","systolic blood pressure","bp_systolic","1","mm[Hg]","phv00370044","average systolic blood pressure, exam 14","mm[Hg]","1","pht007777","phv00369651","","FHS ORIGINAL EXAM 14","","","","","","phv00369667","will need to look in variable description for exam, and find separate variables for age at each exam","1","0","","0","","","","","","",""
"1","fhs","MeasurementObservation","systolic blood pressure","bp_systolic","1","mm[Hg]","phv00370040","average systolic blood pressure, exam 10","mm[Hg]","1","pht007777","phv00369651","","FHS ORIGINAL EXAM 10","","","","","","phv00369663","will need to look in variable description for exam, and find separate variables for age at each exam","1","0","","0","","","","","","",""
"1","fhs","MeasurementObservation","systolic blood pressure","bp_systolic","1","mm[Hg]","phv00370057","average systolic blood pressure, exam 27","mm[Hg]","1","pht007777","phv00369651","","FHS ORIGINAL EXAM 27","","","","","","phv00369680","will need to look in variable description for exam, and find separate variables for age at each exam","1","0","","0","","","","","","",""
"1","fhs","MeasurementObservation","diastolic blood pressure","bp_diastolic","1","mm[Hg]","phv00369861","average diastolic blood pressure, exam 23","mm[Hg]","1","pht007777","phv00369651","","FHS ORIGINAL EXAM 23","","","","","","phv00369676","will need to look in variable description for exam, and find separate variables for age at each exam","1","0","","0","","","","","","",""
"1","fhs","MeasurementObservation","diastolic blood pressure","bp_diastolic","1","mm[Hg]","phv00369846","average diastolic blood pressure, exam 8","mm[Hg]","1","pht007777","phv00369651","","FHS ORIGINAL EXAM 8","","","","","","phv00369661","will need to look in variable description for exam, and find separate variables for age at each exam","1","0","","0","","","","","","",""
"1","fhs","MeasurementObservation","diastolic blood pressure","bp_diastolic","1","mm[Hg]","phv00369864","average diastolic blood pressure, exam 26","mm[Hg]","1","pht007777","phv00369651","","FHS ORIGINAL EXAM 26","","","","","","phv00369679","will need to look in variable description for exam, and find separate variables for age at each exam","1","0","","0","","","","","","",""
"1","fhs","MeasurementObservation","diastolic blood pressure","bp_diastolic","1","mm[Hg]","phv00369865","average diastolic blood pressure, exam 27","mm[Hg]","1","pht007777","phv00369651","","FHS ORIGINAL EXAM 27","","","","","","phv00369680","will need to look in variable description for exam, and find separate variables for age at each exam","1","0","","0","","","","","","",""
"1","fhs","MeasurementObservation","systolic blood pressure","bp_systolic","1","mm[Hg]","phv00370050","average systolic blood pressure, exam 20","mm[Hg]","1","pht007777","phv00369651","","FHS ORIGINAL EXAM 20","","","","","","phv00369673","will need to look in variable description for exam, and find separate variables for age at each exam","1","0","","0","","","","","","",""
"1","fhs","MeasurementObservation","systolic blood pressure","bp_systolic","1","mm[Hg]","phv00370053","average systolic blood pressure, exam 23","mm[Hg]","1","pht007777","phv00369651","","FHS ORIGINAL EXAM 23","","","","","","phv00369676","will need to look in variable description for exam, and find separate variables for age at each exam","1","0","","0","","","","","","",""
"1","fhs","MeasurementObservation","diastolic blood pressure","bp_diastolic","1","mm[Hg]","phv00369859","average diastolic blood pressure, exam 21","mm[Hg]","1","pht007777","phv00369651","","FHS ORIGINAL EXAM 21","","","","","","phv00369674","will need to look in variable description for exam, and find separate variables for age at each exam","1","0","","0","","","","","","",""
"1","fhs","MeasurementObservation","systolic blood pressure","bp_systolic","1","mm[Hg]","phv00370043","average systolic blood pressure, exam 13","mm[Hg]","1","pht007777","phv00369651","","FHS ORIGINAL EXAM 13","","","","","","phv00369666","will need to look in variable description for exam, and find separate variables for age at each exam","1","0","","0","","","","","","",""
"1","fhs","MeasurementObservation","diastolic blood pressure","bp_diastolic","1","mm[Hg]","phv00423902","average diastolic blood pressure, exam 1","mm[Hg]","1","pht009761","phv00423868","","FHS OMNI EXAM 1","","","","","","phv00423875","will need to look in variable description for specific exam, look at phv00423869 for cohort","1","0","","0","","","","","","",""
"1","fhs","MeasurementObservation","diastolic blood pressure","bp_diastolic","1","mm[Hg]","phv00423905","average diastolic blood pressure, exam 4","mm[Hg]","1","pht009761","phv00423868","","FHS OMNI EXAM 4","","","","","","phv00423878","will need to look in variable description for specific exam, look at phv00423869 for cohort","1","0","","0","","","","","","",""
"1","fhs","MeasurementObservation","systolic blood pressure","bp_systolic","1","mm[Hg]","phv00423925","average systolic blood pressure, exam 1","mm[Hg]","1","pht009761","phv00423868","","FHS OMNI EXAM 1","","","","","","phv00423875","will need to look in variable description for specific exam, look at phv00423869 for cohort","1","0","","0","","","","","","",""
"1","fhs","MeasurementObservation","diastolic blood pressure","bp_diastolic","1","mm[Hg]","phv00423904","average diastolic blood pressure, exam 3","mm[Hg]","1","pht009761","phv00423868","","FHS OMNI EXAM 3","","","","","","phv00423877","will need to look in variable description for specific exam, look at phv00423869 for cohort","1","0","","0","","","","","","",""
"1","fhs","MeasurementObservation","systolic blood pressure","bp_systolic","1","mm[Hg]","phv00423928","average systolic blood pressure, exam 4","mm[Hg]","1","pht009761","phv00423868","","FHS OMNI EXAM 4","","","","","","phv00423878","will need to look in variable description for specific exam, look at phv00423869 for cohort","1","0","","0","","","","","","",""
"1","fhs","MeasurementObservation","diastolic blood pressure","bp_diastolic","1","mm[Hg]","phv00423903","average diastolic blood pressure, exam 2","mm[Hg]","1","pht009761","phv00423868","","FHS OMNI EXAM 2","","","","","","phv00423876","will need to look in variable description for specific exam, look at phv00423869 for cohort","1","0","","0","","","","","","",""
"1","fhs","MeasurementObservation","systolic blood pressure","bp_systolic","1","mm[Hg]","phv00423926","average systolic blood pressure, exam 2","mm[Hg]","1","pht009761","phv00423868","","FHS OMNI EXAM 2","","","","","","phv00423876","will need to look in variable description for specific exam, look at phv00423869 for cohort","1","0","","0","","","","","","",""
"1","fhs","MeasurementObservation","systolic blood pressure","bp_systolic","1","mm[Hg]","phv00423927","average systolic blood pressure, exam 3","mm[Hg]","1","pht009761","phv00423868","","FHS OMNI EXAM 3","","","","","","phv00423877","will need to look in variable description for specific exam, look at phv00423869 for cohort","1","0","","0","","","","","","",""
"1","fhs","MeasurementObservation","diastolic blood pressure","bp_diastolic","1","mm[Hg]","phv00066713","diastolic blood pressure entered by technician, mmhg","mm[Hg]","1","pht000673","phv00066765","","","","case(({phv00066749} == 0, ''FHS ORIGINAL EXAM 28''), ({phv00066749} == 2, ''FHS NEW OFFSPRING SPOUSE EXAM 1''), ({phv00066749} == 3, ''FHS GENERATION 3 EXAM 1''), ({phv00066749} == 72, ''FHS OMNI 2 EXAM 1''), (True, ''FHS UNKNOWN VISIT'')))","","","","","look at phv00066749 to pick the visit","1","0","","0","","","","","","",""
"1","fhs","MeasurementObservation","diastolic blood pressure","bp_diastolic","1","mm[Hg]","phv00072660","diastolic blood pressure entered by technician","mm[Hg]","1","pht000748","phv00072715","","","","case(({phv00072619} == 1, ''FHS Offspring Exam 8''), ({phv00072619} == 7, ''FHS Omni 1 Exam 3''), (True, ''FHS UNKNOWN VISIT'')))","","","","","look at phv00072619 to pick visit","1","0","","0","","","","","","",""
"1","fhs","MeasurementObservation","systolic blood pressure","bp_systolic","1","mm[Hg]","phv00072661","systolic blood pressure entered by technician","mm[Hg]","1","pht000748","phv00072715","","","","case(({phv00072619} == 1, ''FHS Offspring Exam 8''), ({phv00072619} == 7, ''FHS Omni 1 Exam 3''), (True, ''FHS UNKNOWN VISIT'')))","","","","","look at phv00072619 to pick visit","1","0","","0","","","","","","",""
"1","fhs","MeasurementObservation","systolic blood pressure","bp_systolic","1","mm[Hg]","phv00072632","mean systolic baseline blood pressure","mm[Hg]","1","pht000748","phv00072715","","","","case(({phv00072619} == 1, ''FHS Offspring Exam 8''), ({phv00072619} == 7, ''FHS Omni 1 Exam 3''), (True, ''FHS UNKNOWN VISIT'')))","","","","","look at phv00072619 to pick visit","1","0","","0","","","","","","",""
"1","fhs","MeasurementObservation","systolic blood pressure","bp_systolic","1","mm[Hg]","phv00177352","physical exam-blood pressure: physician blood pressure first reading - systolic","mm[Hg]","1","pht003094","phv00177237","","","","case(({phv00177238} == 2, ''FHS New Offspring Spouse Exam 2''), ({phv00177238} == 3, ''FHS Generation 3 Exam 2''), ({phv00177238} == 72, ''FHS OMNI 2 EXAM 2''), (True, ''FHS UNKNOWN VISIT'')))","","","1","phv00177932","look at phv00177238 to pick the visit","1","0","","0","","","","","","",""
"1","fhs","MeasurementObservation","diastolic blood pressure","bp_diastolic","1","mm[Hg]","phv00177354","physical exam-blood pressure: physician blood pressure first reading - diastolic","mm[Hg]","1","pht003094","phv00177237","","","","case(({phv00177238} == 2, ''FHS New Offspring Spouse Exam 2''), ({phv00177238} == 3, ''FHS Generation 3 Exam 2''), ({phv00177238} == 72, ''FHS OMNI 2 EXAM 2''), (True, ''FHS UNKNOWN VISIT'')))","","","1","phv00177932","look at phv00177238 to pick the visit","1","0","","0","","","","","","",""
"1","fhs","MeasurementObservation","systolic blood pressure","bp_systolic","1","mm[Hg]","phv00177417","physical exam-blood pressure: physician blood pressure second reading - systolic","mm[Hg]","1","pht003094","phv00177237","","","","case(({phv00177238} == 2, ''FHS New Offspring Spouse Exam 2''), ({phv00177238} == 3, ''FHS Generation 3 Exam 2''), ({phv00177238} == 72, ''FHS OMNI 2 EXAM 2''), (True, ''FHS UNKNOWN VISIT'')))","","","1","phv00177932","look at phv00177238 to pick the visit","1","0","","0","","","","","","",""
"1","fhs","MeasurementObservation","diastolic blood pressure","bp_diastolic","1","mm[Hg]","phv00177419","physical exam-blood pressure: physician blood pressure second reading - diastolic","mm[Hg]","1","pht003094","phv00177237","","","","case(({phv00177238} == 2, ''FHS New Offspring Spouse Exam 2''), ({phv00177238} == 3, ''FHS Generation 3 Exam 2''), ({phv00177238} == 72, ''FHS OMNI 2 EXAM 2''), (True, ''FHS UNKNOWN VISIT'')))","","","1","phv00177932","look at phv00177238 to pick the visit","1","0","","0","","","","","","",""
"1","fhs","MeasurementObservation","systolic blood pressure","bp_systolic","1","mm[Hg]","phv00254154","physical exam - blood pressure: physician blood pressure second reading - systolic","mm[Hg]","1","pht005140","phv00254010","","","","case(({phv00254011} == 1, ''FHS Offspring Exam 9''), ({phv00254011} == 7, ''FHS Omni 1 Exam 4''), (True, ''FHS UNKNOWN VISIT'')))","","","","","look at phv00254011 to disambiguate visit","1","0","","0","","","","","","",""
"1","fhs","MeasurementObservation","diastolic blood pressure","bp_diastolic","1","mm[Hg]","phv00254089","physical exam - blood pressure: physician blood pressure first reading - diastolic","mm[Hg]","1","pht005140","phv00254010","","","","case(({phv00254011} == 1, ''FHS Offspring Exam 9''), ({phv00254011} == 7, ''FHS Omni 1 Exam 4''), (True, ''FHS UNKNOWN VISIT'')))","","","","","look at phv00254011 to disambiguate visit","1","0","","0","","","","","","",""
"1","fhs","MeasurementObservation","diastolic blood pressure","bp_diastolic","1","mm[Hg]","phv00254156","physical exam - blood pressure: physician blood pressure second reading - diastolic","mm[Hg]","1","pht005140","phv00254010","","","","case(({phv00254011} == 1, ''FHS Offspring Exam 9''), ({phv00254011} == 7, ''FHS Omni 1 Exam 4''), (True, ''FHS UNKNOWN VISIT'')))","","","","","look at phv00254011 to disambiguate visit","1","0","","0","","","","","","",""
"1","fhs","MeasurementObservation","systolic blood pressure","bp_systolic","1","mm[Hg]","phv00254087","physical exam - blood pressure: physician blood pressure first reading - systolic","mm[Hg]","1","pht005140","phv00254010","","","","case(({phv00254011} == 1, ''FHS Offspring Exam 9''), ({phv00254011} == 7, ''FHS Omni 1 Exam 4''), (True, ''FHS UNKNOWN VISIT'')))","","","","","look at phv00254011 to disambiguate visit","1","0","","0","","","","","","",""
"1","fhs","MeasurementObservation","systolic blood pressure","bp_systolic","1","mm[Hg]","phv00257550","ankle brachial blood pressure measurements: third systolic blood pressure, right ankle","mm[Hg]","1","pht005149","phv00257536","","","","case(({phv00257537} == 2, ''FHS New Offspring Spouse Exam 2''), ({phv00257537} == 3, ''FHS Generation 3 Exam 2''), ({phv00257537} == 72, ''FHS Omni 2 Exam 2''), (True, ''FHS UNKNOWN VISIT'')))","","","1","phv00177932","look at phv00257537 to disambiguate cohort","1","0","","0","","","","","","",""
"1","fhs","MeasurementObservation","systolic blood pressure","bp_systolic","1","mm[Hg]","phv00257542","ankle brachial blood pressure measurements: first systolic blood pressure, left ankle","mm[Hg]","1","pht005149","phv00257536","","","","case(({phv00257537} == 2, ''FHS New Offspring Spouse Exam 2''), ({phv00257537} == 3, ''FHS Generation 3 Exam 2''), ({phv00257537} == 72, ''FHS Omni 2 Exam 2''), (True, ''FHS UNKNOWN VISIT'')))","","","1","phv00177932","look at phv00257537 to disambiguate cohort","1","0","","0","","","","","","",""
"1","fhs","MeasurementObservation","systolic blood pressure","bp_systolic","1","mm[Hg]","phv00257551","ankle brachial blood pressure measurements: third systolic blood pressure, right arm","mm[Hg]","1","pht005149","phv00257536","","","","case(({phv00257537} == 2, ''FHS New Offspring Spouse Exam 2''), ({phv00257537} == 3, ''FHS Generation 3 Exam 2''), ({phv00257537} == 72, ''FHS Omni 2 Exam 2''), (True, ''FHS UNKNOWN VISIT'')))","","","1","phv00177932","look at phv00257537 to disambiguate cohort","1","0","","0","","","","","","",""
"1","fhs","MeasurementObservation","systolic blood pressure","bp_systolic","1","mm[Hg]","phv00257545","ankle brachial blood pressure measurements: repeat systolic blood pressure, left ankle","mm[Hg]","1","pht005149","phv00257536","","","","case(({phv00257537} == 2, ''FHS New Offspring Spouse Exam 2''), ({phv00257537} == 3, ''FHS Generation 3 Exam 2''), ({phv00257537} == 72, ''FHS Omni 2 Exam 2''), (True, ''FHS UNKNOWN VISIT'')))","","","1","phv00177932","look at phv00257537 to disambiguate cohort","1","0","","0","","","","","","",""
"1","fhs","MeasurementObservation","systolic blood pressure","bp_systolic","1","mm[Hg]","phv00257540","ankle brachial blood pressure measurements: first systolic blood pressure, right arm","mm[Hg]","1","pht005149","phv00257536","","","","case(({phv00257537} == 2, ''FHS New Offspring Spouse Exam 2''), ({phv00257537} == 3, ''FHS Generation 3 Exam 2''), ({phv00257537} == 72, ''FHS Omni 2 Exam 2''), (True, ''FHS UNKNOWN VISIT'')))","","","1","phv00177932","look at phv00257537 to disambiguate cohort","1","0","","0","","","","","","",""
"1","fhs","MeasurementObservation","systolic blood pressure","bp_systolic","1","mm[Hg]","phv00257543","ankle brachial blood pressure measurements: first systolic blood pressure, left arm","mm[Hg]","1","pht005149","phv00257536","","","","case(({phv00257537} == 2, ''FHS New Offspring Spouse Exam 2''), ({phv00257537} == 3, ''FHS Generation 3 Exam 2''), ({phv00257537} == 72, ''FHS Omni 2 Exam 2''), (True, ''FHS UNKNOWN VISIT'')))","","","1","phv00177932","look at phv00257537 to disambiguate cohort","1","0","","0","","","","","","",""
"1","fhs","MeasurementObservation","systolic blood pressure","bp_systolic","1","mm[Hg]","phv00257544","ankle brachial blood pressure measurements: repeat systolic blood pressure, left arm","mm[Hg]","1","pht005149","phv00257536","","","","case(({phv00257537} == 2, ''FHS New Offspring Spouse Exam 2''), ({phv00257537} == 3, ''FHS Generation 3 Exam 2''), ({phv00257537} == 72, ''FHS Omni 2 Exam 2''), (True, ''FHS UNKNOWN VISIT'')))","","","1","phv00177932","look at phv00257537 to disambiguate cohort","1","0","","0","","","","","","",""
"1","fhs","MeasurementObservation","systolic blood pressure","bp_systolic","1","mm[Hg]","phv00257546","ankle brachial blood pressure measurements: repeat systolic blood pressure, right ankle","mm[Hg]","1","pht005149","phv00257536","","","","case(({phv00257537} == 2, ''FHS New Offspring Spouse Exam 2''), ({phv00257537} == 3, ''FHS Generation 3 Exam 2''), ({phv00257537} == 72, ''FHS Omni 2 Exam 2''), (True, ''FHS UNKNOWN VISIT'')))","","","1","phv00177932","look at phv00257537 to disambiguate cohort","1","0","","0","","","","","","",""
"1","fhs","MeasurementObservation","systolic blood pressure","bp_systolic","1","mm[Hg]","phv00257549","ankle brachial blood pressure measurements: third systolic blood pressure, left ankle","mm[Hg]","1","pht005149","phv00257536","","","","case(({phv00257537} == 2, ''FHS New Offspring Spouse Exam 2''), ({phv00257537} == 3, ''FHS Generation 3 Exam 2''), ({phv00257537} == 72, ''FHS Omni 2 Exam 2''), (True, ''FHS UNKNOWN VISIT'')))","","","1","phv00177932","look at phv00257537 to disambiguate cohort","1","0","","0","","","","","","",""
"1","fhs","MeasurementObservation","systolic blood pressure","bp_systolic","1","mm[Hg]","phv00257548","ankle brachial blood pressure measurements: third systolic blood pressure, left arm","mm[Hg]","1","pht005149","phv00257536","","","","case(({phv00257537} == 2, ''FHS New Offspring Spouse Exam 2''), ({phv00257537} == 3, ''FHS Generation 3 Exam 2''), ({phv00257537} == 72, ''FHS Omni 2 Exam 2''), (True, ''FHS UNKNOWN VISIT'')))","","","1","phv00177932","look at phv00257537 to disambiguate cohort","1","0","","0","","","","","","",""
"1","fhs","MeasurementObservation","systolic blood pressure","bp_systolic","1","mm[Hg]","phv00257547","ankle brachial blood pressure measurements: repeat systolic blood pressure, right arm","mm[Hg]","1","pht005149","phv00257536","","","","case(({phv00257537} == 2, ''FHS New Offspring Spouse Exam 2''), ({phv00257537} == 3, ''FHS Generation 3 Exam 2''), ({phv00257537} == 72, ''FHS Omni 2 Exam 2''), (True, ''FHS UNKNOWN VISIT'')))","","","1","phv00177932","look at phv00257537 to disambiguate cohort","1","0","","0","","","","","","",""
"1","fhs","MeasurementObservation","systolic blood pressure","bp_systolic","1","mm[Hg]","phv00257541","ankle brachial blood pressure measurements: first systolic blood pressure, right ankle","mm[Hg]","1","pht005149","phv00257536","","","","case(({phv00257537} == 2, ''FHS New Offspring Spouse Exam 2''), ({phv00257537} == 3, ''FHS Generation 3 Exam 2''), ({phv00257537} == 72, ''FHS Omni 2 Exam 2''), (True, ''FHS UNKNOWN VISIT'')))","","","1","phv00177932","look at phv00257537 to disambiguate cohort","1","0","","0","","","","","","",""
"1","fhs","MeasurementObservation","systolic blood pressure","bp_systolic","1","mm[Hg]","phv00257562","ankle brachial blood pressure measurements: first systolic blood pressure, right ankle","mm[Hg]","1","pht005150","phv00257555","","","","case(({phv00257556} == 1, ''FHS Offspring Exam 9''), ({phv00257556} == 7, ''FHS Omni 1 Exam 4''), (True, ''FHS UNKNOWN VISIT'')))","","","","","look at phv00257556 to disambiguate visit FHS OFFSPRING EXAM 9 AND OMNI 1 EXAM 4","1","0","","0","","","","","","",""
"1","fhs","MeasurementObservation","systolic blood pressure","bp_systolic","1","mm[Hg]","phv00257571","ankle brachial blood pressure measurements: third systolic blood pressure, left ankle","mm[Hg]","1","pht005150","phv00257555","","","","case(({phv00257556} == 1, ''FHS Offspring Exam 9''), ({phv00257556} == 7, ''FHS Omni 1 Exam 4''), (True, ''FHS UNKNOWN VISIT'')))","","","","","look at phv00257556 to disambiguate visit FHS OFFSPRING EXAM 9 AND OMNI 1 EXAM 4","1","0","","0","","","","","","",""
"1","fhs","MeasurementObservation","systolic blood pressure","bp_systolic","1","mm[Hg]","phv00257568","ankle brachial blood pressure measurements: repeat systolic blood pressure, right arm","mm[Hg]","1","pht005150","phv00257555","","","","case(({phv00257556} == 1, ''FHS Offspring Exam 9''), ({phv00257556} == 7, ''FHS Omni 1 Exam 4''), (True, ''FHS UNKNOWN VISIT'')))","","","","","look at phv00257556 to disambiguate visit FHS OFFSPRING EXAM 9 AND OMNI 1 EXAM 4","1","0","","0","","","","","","",""
"1","fhs","MeasurementObservation","systolic blood pressure","bp_systolic","1","mm[Hg]","phv00257570","ankle brachial blood pressure measurements: third systolic blood pressure, right ankle","mm[Hg]","1","pht005150","phv00257555","","","","case(({phv00257556} == 1, ''FHS Offspring Exam 9''), ({phv00257556} == 7, ''FHS Omni 1 Exam 4''), (True, ''FHS UNKNOWN VISIT'')))","","","","","look at phv00257556 to disambiguate visit FHS OFFSPRING EXAM 9 AND OMNI 1 EXAM 4","1","0","","0","","","","","","",""
"1","fhs","MeasurementObservation","systolic blood pressure","bp_systolic","1","mm[Hg]","phv00257567","ankle brachial blood pressure measurements: repeat systolic blood pressure, right ankle","mm[Hg]","1","pht005150","phv00257555","","","","case(({phv00257556} == 1, ''FHS Offspring Exam 9''), ({phv00257556} == 7, ''FHS Omni 1 Exam 4''), (True, ''FHS UNKNOWN VISIT'')))","","","","","look at phv00257556 to disambiguate visit FHS OFFSPRING EXAM 9 AND OMNI 1 EXAM 4","1","0","","0","","","","","","",""
"1","fhs","MeasurementObservation","systolic blood pressure","bp_systolic","1","mm[Hg]","phv00257563","ankle brachial blood pressure measurements: first systolic blood pressure, left ankle","mm[Hg]","1","pht005150","phv00257555","","","","case(({phv00257556} == 1, ''FHS Offspring Exam 9''), ({phv00257556} == 7, ''FHS Omni 1 Exam 4''), (True, ''FHS UNKNOWN VISIT'')))","","","","","look at phv00257556 to disambiguate visit FHS OFFSPRING EXAM 9 AND OMNI 1 EXAM 4","1","0","","0","","","","","","",""
"1","fhs","MeasurementObservation","systolic blood pressure","bp_systolic","1","mm[Hg]","phv00257564","ankle brachial blood pressure measurements: first systolic blood pressure, left arm","mm[Hg]","1","pht005150","phv00257555","","","","case(({phv00257556} == 1, ''FHS Offspring Exam 9''), ({phv00257556} == 7, ''FHS Omni 1 Exam 4''), (True, ''FHS UNKNOWN VISIT'')))","","","","","look at phv00257556 to disambiguate visit FHS OFFSPRING EXAM 9 AND OMNI 1 EXAM 4","1","0","","0","","","","","","",""
"1","fhs","MeasurementObservation","systolic blood pressure","bp_systolic","1","mm[Hg]","phv00257569","ankle brachial blood pressure measurements: third systolic blood pressure, right arm","mm[Hg]","1","pht005150","phv00257555","","","","case(({phv00257556} == 1, ''FHS Offspring Exam 9''), ({phv00257556} == 7, ''FHS Omni 1 Exam 4''), (True, ''FHS UNKNOWN VISIT'')))","","","","","look at phv00257556 to disambiguate visit FHS OFFSPRING EXAM 9 AND OMNI 1 EXAM 4","1","0","","0","","","","","","",""
"1","fhs","MeasurementObservation","systolic blood pressure","bp_systolic","1","mm[Hg]","phv00257572","ankle brachial blood pressure measurements: third systolic blood pressure, left arm","mm[Hg]","1","pht005150","phv00257555","","","","case(({phv00257556} == 1, ''FHS Offspring Exam 9''), ({phv00257556} == 7, ''FHS Omni 1 Exam 4''), (True, ''FHS UNKNOWN VISIT'')))","","","","","look at phv00257556 to disambiguate visit FHS OFFSPRING EXAM 9 AND OMNI 1 EXAM 4","1","0","","0","","","","","","",""
"1","fhs","MeasurementObservation","systolic blood pressure","bp_systolic","1","mm[Hg]","phv00257566","ankle brachial blood pressure measurements: repeat systolic blood pressure, left ankle","mm[Hg]","1","pht005150","phv00257555","","","","case(({phv00257556} == 1, ''FHS Offspring Exam 9''), ({phv00257556} == 7, ''FHS Omni 1 Exam 4''), (True, ''FHS UNKNOWN VISIT'')))","","","","","look at phv00257556 to disambiguate visit FHS OFFSPRING EXAM 9 AND OMNI 1 EXAM 4","1","0","","0","","","","","","",""
"1","fhs","MeasurementObservation","systolic blood pressure","bp_systolic","1","mm[Hg]","phv00257561","ankle brachial blood pressure measurements: first systolic blood pressure, right arm","mm[Hg]","1","pht005150","phv00257555","","","","case(({phv00257556} == 1, ''FHS Offspring Exam 9''), ({phv00257556} == 7, ''FHS Omni 1 Exam 4''), (True, ''FHS UNKNOWN VISIT'')))","","","","","look at phv00257556 to disambiguate visit FHS OFFSPRING EXAM 9 AND OMNI 1 EXAM 4","1","0","","0","","","","","","",""
"1","fhs","MeasurementObservation","systolic blood pressure","bp_systolic","1","mm[Hg]","phv00257565","ankle brachial blood pressure measurements: repeat systolic blood pressure, left arm","mm[Hg]","1","pht005150","phv00257555","","","","case(({phv00257556} == 1, ''FHS Offspring Exam 9''), ({phv00257556} == 7, ''FHS Omni 1 Exam 4''), (True, ''FHS UNKNOWN VISIT'')))","","","","","look at phv00257556 to disambiguate visit FHS OFFSPRING EXAM 9 AND OMNI 1 EXAM 4","1","0","","0","","","","","","",""
"1","fhs","MeasurementObservation","diastolic blood pressure","bp_diastolic","1","mm[Hg]","phv00277035","average diastolic blood pressure, exam 2","mm[Hg]","1","pht006026","phv00277015","","","","case(({phv00277016} == 2, ''FHS New Offspring Spouse Exam 2''), ({phv00277016} == 3, ''FHS Generation 3 Exam 2''), ({phv00277016} == 72, ''FHS Omni 2 Exam 2''), (True, ''FHS UNKNOWN VISIT'')))","","","","phv00277021","visit a compound of phvs for cohort and exam number in variable description. Do manually","1","0","","0","","","","","","","manually fix visit name"
"0","fhs","MeasurementObservation","systolic blood pressure","bp_systolic","1","mm[Hg]","phv00520305","average systolic blood pressure (mmhg), exam 3","mm[Hg]","1","pht006026","phv00277015","","","","case(({phv00277016} == 2, ''FHS New Offspring Spouse Exam 2''), ({phv00277016} == 3, ''FHS Generation 3 Exam 2''), ({phv00277016} == 72, ''FHS Omni 2 Exam 2''), (True, ''FHS UNKNOWN VISIT'')))","","","","phv00520288","visit a compound of phvs for cohort and exam number in variable description. Do manually","1","0","","0","","","","","","1","manually fix visit name"
"1","fhs","MeasurementObservation","systolic blood pressure","bp_systolic","1","mm[Hg]","phv00277045","average systolic blood pressure, exam 1","mm[Hg]","1","pht006026","phv00277015","","","","case(({phv00277016} == 2, ''FHS New Offspring Spouse Exam 2''), ({phv00277016} == 3, ''FHS Generation 3 Exam 2''), ({phv00277016} == 72, ''FHS Omni 2 Exam 2''), (True, ''FHS UNKNOWN VISIT'')))","","","","phv00277020","visit a compound of phvs for cohort and exam number in variable description. Do manually","1","0","","0","","","","","","","manually fix visit name"
"1","fhs","MeasurementObservation","systolic blood pressure","bp_systolic","1","mm[Hg]","phv00277046","average systolic blood pressure, exam 2","mm[Hg]","1","pht006026","phv00277015","","","","case(({phv00277016} == 2, ''FHS New Offspring Spouse Exam 2''), ({phv00277016} == 3, ''FHS Generation 3 Exam 2''), ({phv00277016} == 72, ''FHS Omni 2 Exam 2''), (True, ''FHS UNKNOWN VISIT'')))","","","","phv00277021","visit a compound of phvs for cohort and exam number in variable description. Do manually","1","0","","0","","","","","","","manually fix visit name"
"1","fhs","MeasurementObservation","diastolic blood pressure","bp_diastolic","1","mm[Hg]","phv00277034","average diastolic blood pressure, exam 1","mm[Hg]","1","pht006026","phv00277015","","","","case(({phv00277016} == 2, ''FHS New Offspring Spouse Exam 2''), ({phv00277016} == 3, ''FHS Generation 3 Exam 2''), ({phv00277016} == 72, ''FHS Omni 2 Exam 2''), (True, ''FHS UNKNOWN VISIT'')))","","","","phv00277020","visit a compound of phvs for cohort and exam number in variable description. Do manually","1","0","","0","","","","","","","manually fix visit name"
"0","fhs","MeasurementObservation","systolic blood pressure","bp_systolic","1","mm[Hg]","phv00461938","blood pressure: 2nd reading: systolic","mm[Hg]","1","pht010724","phv00461744","","","","case(({phv00461745} == 2, ''FHS New Offspring Spouse Exam 3''), ({phv00461745} == 3, ''FHS Generation 3 Exam 3''), ({phv00461745} == 72, ''FHS Omni 2 Exam 3''), (True, ''FHS UNKNOWN VISIT'')))","","","1","phv00177934","use phv00461745 to disambiguate visit","1","0","","0","","","","","","1",""
"0","fhs","MeasurementObservation","systolic blood pressure","bp_systolic","1","mm[Hg]","phv00461869","blood pressure: first reading - systolic","mm[Hg]","1","pht010724","phv00461744","","","","case(({phv00461745} == 2, ''FHS New Offspring Spouse Exam 3''), ({phv00461745} == 3, ''FHS Generation 3 Exam 3''), ({phv00461745} == 72, ''FHS Omni 2 Exam 3''), (True, ''FHS UNKNOWN VISIT'')))","","","1","phv00177934","use phv00461745 to disambiguate visit","1","0","","0","","","","","","1",""
"0","fhs","MeasurementObservation","systolic blood pressure","bp_systolic","1","mm[Hg]","phv00522548","resting systolic blood pressure","mm[Hg]","1","pht012897","phv00522521","","","","case(({phv00522522} == 2, ''FHS New Offspring Spouse Exam 3''), ({phv00522522} == 3, ''FHS Generation 3 Exam 3''), ({phv00522522} == 72, ''FHS Omni 2 Exam 3''), (True, ''FHS UNKNOWN VISIT'')))","","","1","phv00177934","use phv00522522 to disambiguate visit","1","0","","0","","","","","","1",""
"0","fhs","MeasurementObservation","systolic blood pressure","bp_systolic","1","mm[Hg]","phv00522553","systolic blood pressure at 75 watts","mm[Hg]","1","pht012897","phv00522521","","","","case(({phv00522522} == 2, ''FHS New Offspring Spouse Exam 3''), ({phv00522522} == 3, ''FHS Generation 3 Exam 3''), ({phv00522522} == 72, ''FHS Omni 2 Exam 3''), (True, ''FHS UNKNOWN VISIT'')))","","","1","phv00177934","use phv00522522 to disambiguate visit","1","0","","0","","","","","","1",""
"0","fhs","MeasurementObservation","systolic blood pressure","bp_systolic","1","mm[Hg]","phv00522567","systolic blood pressure at peak exercise","mm[Hg]","1","pht012897","phv00522521","","","","case(({phv00522522} == 2, ''FHS New Offspring Spouse Exam 3''), ({phv00522522} == 3, ''FHS Generation 3 Exam 3''), ({phv00522522} == 72, ''FHS Omni 2 Exam 3''), (True, ''FHS UNKNOWN VISIT'')))","","","1","phv00177934","use phv00522522 to disambiguate visit","1","0","","0","","","","","","1",""
