bdchm_entity,bdchm_varlabel,bdchm_varname,bdchm_vartype,bdchm_unit,obacurie,omop
MeasurementObservation,8-epi-PGF2a in urine,isoprostane_8_epi_pgf2a,decimal,pg/mL,,OMOP:3011888
MeasurementObservation,Activity LP-PLA2 in blood,lppla2_act,decimal,nmol/min/mL,,OMOP:36305170
MeasurementObservation,AHI Apnea-Hypopnea Index,apnea_hypop_index,decimal,{events}/h,,OMOP:37396400
MeasurementObservation,Albumin creatinine ratio in urine,albumin_creatinine,decimal,mg/g,,OMOP:4154347
MeasurementObservation,Albumin in blood,albumin_bld,decimal,g/dL,OBA:2050068,OMOP:2212186
MeasurementObservation,Albumin in urine,albumin_urine,decimal,mg/L,OBA:VT0002871,OMOP:2212188
MeasurementObservation,Alcohol servings,alcohol_servings,integer,{#}/wk,,OMOP:35609491
MeasurementObservation,ALT SGPT,alt_sgpt,decimal,[IU]/L,OBA:2050062,OMOP:4146380
Condition,Angina,angina,Uriorcurie,,,OMOP:321318
DrugExposure,Aspirin,aspirin,Uriorcurie,,,OMOP:1112807
Condition,Asthma,asthma,Uriorcurie,,,OMOP:4308356
MeasurementObservation,AST SGOT,ast_sgot,decimal,[IU]/L,,OMOP:4263457
Condition,Atrial fibrillation,afib,Uriorcurie,,,OMOP:313217
MeasurementObservation,basophils count,basophil_ncnc_bld,decimal,10*3/uL,OBA:VT0002607,OMOP:3006315
MeasurementObservation,Bilirubin Conjugated Direct,bilirubin_con,decimal,mg/dL,,OMOP:44805650
MeasurementObservation,Bilirubin total,bilirubin_tot,decimal,mg/dL,,OMOP:4230543
MeasurementObservation,BMI,bmi,decimal,kg/m2,OBA:2045455,OMOP:3038553
MeasurementObservation,BNP,bnp,decimal,pg/mL,OBA:2045303,OMOP:4307029
MeasurementObservation,Body weight,bdy_wgt,decimal,kg,OBA:VT0001259,OMOP:4099154
MeasurementObservation,BUN,bun,decimal,mg/dL,OBA:VT0005265,OMOP:4017361
MeasurementObservation,BUN Creatinine ratio,bun_creatinine,decimal,{ratio},,OMOP:4112223
MeasurementObservation,CRP c-reactive protein,crp,decimal,mg/L,,OMOP:4208414
MeasurementObservation,CAC Score,cac_score,decimal,{score},,OMOP:42872742
MeasurementObservation,CAC volume,cac_volume,decimal,[hnsf'U],,OMOP:4166120
Condition,Cardiovascular disease,cvd,Uriorcurie,,,OMOP:134057
MeasurementObservation,Carotid IMT,carotid_imt,decimal,mm,OBA:2050108,OMOP:4138462
Condition,Carotid plaque,carotid_plaque,Uriorcurie,,,OMOP:4102124
MeasurementObservation,Carotid stenosis left,carotid_sten_left,,%,,OMOP:43020498
MeasurementObservation,Carotid stenosis right,carotid_sten_right,,%,,OMOP:43021859
Person,Cause of death,cause_of_death,String,,,OMOP:4083743
MeasurementObservation,CD40 in blood,cd40,decimal,pg/mL,OBA:2052305,OMOP:4209737
MeasurementObservation,CESD score,cesd_score,integer,{score},,OMOP:36303297
MeasurementObservation,Chloride in blood,chloride_bld,decimal,mmol/L,OBA:VT0003018,OMOP:4188066
Observation,Cigarette smoking,cig_smok,SmokingStatusObservationTypeEnum,,,OMOP:4282779
Condition,COPD,copd,Uriorcurie,,,OMOP:44788836
MeasurementObservation,Creatinine in blood,creat_bld,decimal,mg/dL,OBA:2050096,OMOP:2212294
MeasurementObservation,Creatinine in urine,creat_urin,decimal,mg/dL,OBA:VT0010540,OMOP:3007081
MeasurementObservation,Cystatin C in blood,cysc_bld,decimal,mg/L,OBA:2052375,OMOP:4136584
MeasurementObservation,D-Dimer,d_dimer,decimal,mg/L,,OMOP:37393605
Person,Death,death_stat,VitalStatusEnum,,,OMOP:434489
Condition,Diabetes,diabetes,Uriorcurie,,,OMOP:201820
MeasurementObservation,Diastolic blood pressure,bp_diastolic,decimal,mm[Hg],,OMOP:4154790
MeasurementObservation,E-selectin in blood,eselectin,decimal,ng/mL,OBA:2052778,OMOP:3010372
SdohObservation,Education level,edu_lvl,EducationalAttainmentObservationTypeEnum,,,OMOP:4022643
MeasurementObservation,EGFR,egfr,decimal,mL/min/{1.73_m2},,OMOP:37208635
MeasurementObservation,Eosinophils count,eosinophil_ncnc_bld,decimal,10*3/uL,OBA:VT0002602,OMOP:3013115
Demography,Ethnicity,ethnicity,EthnicityEnum,,,OMOP:44803968
MeasurementObservation,Factor VII,factor_7,decimal,%{normal},OBA:2041535,OMOP:4217630
MeasurementObservation,Factor VIII,factor_8,decimal,[IU]/mL,OBA:2041536,OMOP:4148587
Condition,Family history of stroke,fam_stroke,Uriorcurie,,,OMOP:4169009
SdohObservation,Family income,fam_income,,usd,,OMOP:4076114
MeasurementObservation,Fasting blood glucose,fast_gluc_bld,decimal,mg/dL,,OMOP:4156660
MeasurementObservation,Fasting lipids,fast_lipids,decimal,mg/dL,,OMOP:4150326
MeasurementObservation,Ferritin,ferritin,decimal,ng/mL,OBA:VT0010513,OMOP:4176561
MeasurementObservation,FEV1 - Forced Expiratory Volume in 1 sec,fev1,decimal,L,,OMOP:4241837
MeasurementObservation,FEV1 FVC,fev1_fvc,decimal,{ratio},,OMOP:3011505
MeasurementObservation,Fibrinogen,fibrin,decimal,mg/dL,OBA:0000061,OMOP:4094436
MeasurementObservation,Fruit servings,fruit_serving,integer,{#}/wk,,OMOP:21493059
MeasurementObservation,FVC - Forced Vital Capacity,fvc,decimal,L,,OMOP:4176265
MeasurementObservation,GFR,gfr,decimal,mL/min/{1.73_m2},OBA:0003747,OMOP:4213477
MeasurementObservation,Glucose in blood,glucose_bld,decimal,mg/dL,OBA:VT0000188,OMOP:4149519
MeasurementObservation,HDL,hdl,decimal,mg/dL,OBA:VT0000184,OMOP:4076704
MeasurementObservation,Heart rate,hrtrt,integer,{beats}/min,OBA:1001087,OMOP:3027018
MeasurementObservation,Height,bdy_hgt,decimal,cm,OBA:VT0001253,OMOP:607590
MeasurementObservation,Hematocrit,hemat,decimal,%,OBA:2045381,OMOP:4151358
MeasurementObservation,Hemoglobin,hemo,decimal,g/dL,OBA:2060175,OMOP:4094758
MeasurementObservation,Hemoglobin A1c,hemo_a1c,decimal,%,,OMOP:4184637
MeasurementObservation,Hip circumference,hip_circ,decimal,cm,OBA:1000032,OMOP:4111665
Condition,History of cardiovascular disease,hist_cvd,Uriorcurie,,,OMOP:134057
Procedure,History of coronary angioplasty,hist_cor_angio,Uriorcurie,,,OMOP:4184832
Procedure,History of coronary artery bypass graft,hist_cor_bypg,Uriorcurie,,,OMOP:4336464
Condition,History of heart disease,hist_hrtdis,Uriorcurie,,,OMOP:321588
Condition,History of heart failure,hist_hrtfail,Uriorcurie,,,OMOP:316139
Condition,History of myocardial infarction,hist_my_inf,Uriorcurie,,,OMOP:1340204
Condition,Hypertension,hyperten,Uriorcurie,,,OMOP:320128
DrugExposure,Hypertension treatment,hypert_trt,Uriorcurie,,,OMOP:4015732
MeasurementObservation,ICAM1 in blood,icam,decimal,ng/mL,,OMOP:4284103
MeasurementObservation,Insulin in blood,insulin_blood,decimal,pmol/L,OBA:2060174,OMOP:4060873
MeasurementObservation,Interleukin 10 in blood,il10,decimal,pg/mL,,OMOP:3004578
MeasurementObservation,Interleukin 18 in blood,il18,decimal,pg/mL,,OMOP:3043144
MeasurementObservation,Interleukin 1 beta in blood,il1_beta,decimal,pg/mL,,OMOP:3001804
MeasurementObservation,interleukin 6 in blood,il6,decimal,pg/mL,OBA:2052890,OMOP:4332015
MeasurementObservation,Lactate Dehydrogenase LDH,lactate_dehyd,decimal,[IU]/L,OBA:VT0010477,OMOP:4012918
MeasurementObservation,Lactate in blood,lactate_blood,decimal,mmol/L,OBA:VT0010616,OMOP:1246795
MeasurementObservation,LDL,ldl,decimal,mg/dL,OBA:VT0000181,OMOP:4331302
Condition,LVH from EKG,lvh_ekg,Uriorcurie,,,OMOP:4065282
MeasurementObservation,Lymphocytes count,lympho_ct,decimal,10*3/uL,OBA:VT0000217,OMOP:37208689
MeasurementObservation,Lymphocytes percent,lympho_pct,decimal,%{WBCs},,OMOP:37208690
MeasurementObservation,Mass LP-PLA2 in blood,lppla2_mass,decimal,ng/mL,,OMOP:3041450
MeasurementObservation,MCP1 in blood,mcp1,decimal,pg/mL,OBA:2052436,OMOP:1617307
MeasurementObservation,Mean arterial pressure,mn_art_pres,decimal,mm[Hg],OBA:VT2000000,OMOP:37168599
MeasurementObservation,mean corpuscular hemoglobin,mch,decimal,pg/{cell},OBA:2045301,OMOP:37398674
MeasurementObservation,mean corpuscular hemoglobin concentration,mchc,decimal,g/dL,,OMOP:37393850
MeasurementObservation,mean corpuscular volume,mcv,decimal,fL,OBA:0003460,OMOP:37393851
MeasurementObservation,mean platelet volume,pmv,decimal,fL,OBA:0003277,OMOP:37397923
MeasurementObservation,MMP9 in blood,mmp9,decimal,ng/mL,OBA:2052397,OMOP:40761106
MeasurementObservation,monocytes count,monocyte_ncnc_bld,decimal,10*3/uL,OBA:VT0000223,OMOP:3001604
MeasurementObservation,Myeloperoxidase in blood,mpo,decimal,ng/mL,OBA:2052389,OMOP:1988928
MeasurementObservation,Neutrophils count,neutro_ct,decimal,10*3/uL,OBA:VT0000222,OMOP:37208699
MeasurementObservation,Neutrophils percent,neutro_pct,decimal,%{WBCs},,OMOP:37208698
MeasurementObservation,NT pro BNP,nt_bnp,decimal,pg/mL,OBA:2045303,OMOP:4189511
Condition,Obesity,obesity,ConditionStatusEnum,,,OMOP:433736
MeasurementObservation,Osteoprotegerin in blood,opg,decimal,ng/mL,,OMOP:1552124
MeasurementObservation,P-selectin in blood,pselectin,decimal,ng/mL,OBA:2052701,OMOP:3007356
Procedure,Pacemaker implant status,pacem_stat,BaseEnum,,,OMOP:45772840
Condition,peripheral arterial disease,pad,Uriorcurie,,,OMOP:3654996
MeasurementObservation,Platelet count,platelet_ct,decimal,10*3/uL,,OMOP:4267147
MeasurementObservation,Potassium in blood,potassium,decimal,mmol/L,OBA:VT0002668,OMOP:4245152
MeasurementObservation,PR interval,pr_ekg,decimal,ms,,OMOP:4274406
MeasurementObservation,QRS interval,qrs_ekg,decimal,ms,OBA:1001086,OMOP:4273021
MeasurementObservation,QT interval,qt_ekg,decimal,ms,,OMOP:4273023
Demography,Race,race,RaceEnum,,,OMOP:4013886
MeasurementObservation,Red blood cell count,rdbld_ct,decimal,10*6/uL,OBA:VT0001586,OMOP:4030871
MeasurementObservation,Red cell distribution width,rdw,decimal,%,,OMOP:37397924
Demography,Sex,sex,SexEnum,,,OMOP:3046965
Condition,Sleep apnea,slp_ap,Uriorcurie,,,OMOP:313459
MeasurementObservation,Sleep hours,sleep_duration_daily,decimal,h,OBA:2040171,OMOP:40768653
MeasurementObservation,Sodium in blood,sodium_blood,decimal,mmol/L,OBA:VT0001776,OMOP:4097430
MeasurementObservation,Sodium intake,sodium_intak,decimal,mg/d,,OMOP:606729
MeasurementObservation,SpO2,spo2,decimal,%,OBA:2045443,OMOP:4020553
Condition,Stroke,stroke,Uriorcurie,,,OMOP:4212690
MeasurementObservation,Systolic blood pressure,bp_systolic,integer,mm[Hg],,OMOP:4152194
DrugExposure,Taking ACE inhibitors,tak_aceinhib,Uriorcurie,,,OMOP:21601784
DrugExposure,Taking aldosterone receptor blockers,tak_aldorecepblk,Uriorcurie,,,OMOP:4156739
DrugExposure,Taking alpha blockers,tak_alphablk,Uriorcurie,,,OMOP:4333403
DrugExposure,Taking angiotensin receptor blockers,tak_angiorecepblk,Uriorcurie,,,OMOP:19402372
DrugExposure,Taking beta blockers,tak_betablk,Uriorcurie,,,OMOP:21601741
DrugExposure,Taking calcium channel blockers,tak_calchanblk,Uriorcurie,,,OMOP:4159947
DrugExposure,Taking centrally acting agents,tak_cenactag,Uriorcurie,,,OMOP:21602722
DrugExposure,Taking diuretics,tak_diuret,Uriorcurie,,,OMOP:21601461
DrugExposure,Taking insulin,tak_insulin,Uriorcurie,,,OMOP:45882625
DrugExposure,Taking medication for diabetes,tak_med_diab,Uriorcurie,,,OMOP:21600765
DrugExposure,Taking non statin medication,tak_nstat_med,Uriorcurie,,,OMOP:
DrugExposure,Taking oral hypoglycemic agents,tak_orlhypoag,Uriorcurie,,,OMOP:4162568
DrugExposure,Taking statin medication,tak_statin,Uriorcurie,,,OMOP:604501
DrugExposure,Taking systemic steroids,tak_steroid,Uriorcurie,,,OMOP:21602722
DrugExposure,Taking vasodilators,tak_vasodil,Uriorcurie,,,OMOP:21601560
MeasurementObservation,Temperature,bdy_temp,decimal,Cel,OBA:VT0005535,OMOP:4302666
MeasurementObservation,TNFa-R1 in blood,tnfa_r1,decimal,pg/mL,OBA:2051975,OMOP:46235360
MeasurementObservation,TNFa in blood,tnfa,decimal,pg/mL,OBA:2051979,OMOP:3004282
MeasurementObservation,Total cholesterol in blood,tot_chol_bld,decimal,mg/dL,OBA:VT0000180,OMOP:4008265
MeasurementObservation,Triglycerides in blood,triglyc_bld,decimal,mg/dL,OBA:VT0002644,OMOP:4032789
MeasurementObservation,Troponin all types,troponin,decimal,ng/mL,,OMOP:4021291
Condition,Valvular heart disease,valv_hrtdis,Uriorcurie,,,OMOP:4281749
MeasurementObservation,Vegetable servings,vege_serving,integer,{#}/wk,,OMOP:4042886
Condition,Venous thromboembolism,ven_thromb,Uriorcurie,,,OMOP:4327889
MeasurementObservation,von Willebrand factor,willeb_fac,decimal,%{normal},OBA:2052741,OMOP:4252203
MeasurementObservation,Waist-hip ratio,waist_hip,decimal,{ratio},,OMOP:4087501
MeasurementObservation,Waist circumference,waist_circ,decimal,cm,OBA:1001085,OMOP:4172830
MeasurementObservation,White blood cell count,whtbld_ct,decimal,10*3/uL,OBA:VT0000217,OMOP:4298431
