cohort,pht,datatablename,associatedvisit,associatedvisit_expr,xassociatedvisit,participantidphv,ageinyearsphv,ageinyears_expr,notes,drop_table
ARIC,pht001440,ARIC_Subject,ARIC CONSENT,,,phv00098579,,,,
ARIC,pht004027,,ARIC EXAM 1,,,phv00202851,,,,
ARIC,pht004028,,ARIC EXAM 3,,,phv00202861,,,,
ARIC,pht004029,,ARIC EXAM 4,,,phv00202873,,,,
ARIC,pht004031,,ARIC EXAM 3,,,phv00203148,,,,
ARIC,pht004032,,ARIC EXAM 1,,,phv00203163,,,,
ARIC,pht004033,,ARIC EXAM 2,,,phv00203174,,,,
ARIC,pht004034,,ARIC EXAM 3,,,phv00203181,,,,
ARIC,pht004035,,ARIC EXAM 4,,,phv00203194,,,,
ARIC,pht004036,,ARIC EXAM 1,,,phv00203302,,,,
ARIC,pht004037,,ARIC EXAM 1,,,phv00203305,,,,
ARIC,pht004038,,ARIC EXAM 2,,,phv00203308,,,,
ARIC,pht004039,,ARIC EXAM 3,,,phv00203311,,,,
ARIC,pht004040,,ARIC EXAM 4,,,phv00203314,,,,
ARIC,pht004041,,ARIC EXAM 1,,,phv00203324,,,,
ARIC,pht004042,,ARIC EXAM 3,,,phv00203348,,,,
ARIC,pht004043,,ARIC EXAM 4,,,phv00203372,,,,
ARIC,pht004044,,ARIC POST EXAM 4,,,phv00203520,,,,
ARIC,pht004045,,ARIC POST EXAM 4,,,phv00203668,,,,
ARIC,pht004046,,ARIC COHORT,,,phv00203746,,,"Cohort Event Eligibility Form, Form CEL",
ARIC,pht004047,,ARIC DEATH EVENT,,,phv00203808,,,,
ARIC,pht004049,,ARIC DEATH EVENT,,,phv00203839,,,,
ARIC,pht004050,,ARIC COHORT,,,phv00203858,,,age at event,
ARIC,pht004051,,ARIC EXAM 1,,,phv00203875,,,,
ARIC,pht004052,,ARIC EXAM 2,,,phv00203886,,,,
ARIC,pht004053,,ARIC HOSPITAL FORM,,,phv00204295,,,,
ARIC,pht004054,,ARIC DEATH EVENT,,,phv00204350,,,,
ARIC,pht004058,,ARIC COHORT,,,phv00204401,,,,
ARIC,pht004061,,ARIC HOSPITAL FORM,,,phv00204606,,,,
ARIC,pht004063,,ARIC EXAM 1,,,phv00204812,phv00204712,,,
ARIC,pht004064,,ARIC EXAM 3,,,phv00204919,phv00204871,,,
ARIC,pht004067,,ARIC EXAM 4,,,phv00205057,,,,
ARIC,pht004068,,ARIC EXAM 1,,,phv00205178,,,,
ARIC,pht004069,,ARIC EXAM 2,,,phv00205279,,,,
ARIC,pht004070,,ARIC EXAM 3,,,phv00205385,,,,
ARIC,pht004071,,ARIC EXAM 2,,,phv00205444,,,,
ARIC,pht004072,,ARIC EXAM 3,,,phv00205509,,,,
ARIC,pht004073,,ARIC EXAM 4,,,phv00205568,,,,
ARIC,pht004074,,ARIC EXAM 1,,,phv00205621,,,,
ARIC,pht004075,,ARIC EXAM 2,,,phv00205676,,,,
ARIC,pht004076,,ARIC EXAM 3,,,phv00205731,,,,
ARIC,pht004077,,ARIC EXAM 4,,,phv00205788,,,,
ARIC,pht004078,,ARIC EXAM 1,,,phv00205844,,,,
ARIC,pht004079,,ARIC EXAM 3,,,phv00205920,phv00510683,,,
ARIC,pht004080,,ARIC EXAM 1,,,phv00205949,,,,
ARIC,pht004083,,ARIC EXAM 2,,,phv00206121,,,,
ARIC,pht004084,,ARIC EXAM 3,,,phv00206272,,,,
ARIC,pht004085,,ARIC EXAM 4,,,phv00206422,,,,
ARIC,pht004086,,ARIC EXAM 1,,,phv00206448,,,,
ARIC,pht004087,,ARIC EXAM 2,,,phv00206475,,,,
ARIC,pht004088,,ARIC EXAM 3,,,phv00206501,,,,
ARIC,pht004089,,ARIC EXAM 4,,,phv00206527,,,,
ARIC,pht004090,,ARIC EXAM 2,,,phv00206582,,,,
ARIC,pht004096,,ARIC EXAM 4,,,phv00206634,,,,
ARIC,pht004097,,ARIC EXAM 4,,,phv00206643,,,,
ARIC,pht004098,,ARIC EXAM 1,,,phv00206655,,,,
ARIC,pht004099,,ARIC EXAM 3,,,phv00206665,,,,
ARIC,pht004100,,ARIC COHORT,,,phv00206746,,,"Cohort Event Eligibility Form, Form CEL",
ARIC,pht004102,,ARIC HOSPITAL FORM,,,phv00207055,,,,
ARIC,pht004103,,ARIC EXAM 2,,,phv00207155,,,,
ARIC,pht004104,,ARIC EXAM 3,,,phv00207191,,,,
ARIC,pht004106,,ARIC EXAM 4,,,phv00207252,,,,
ARIC,pht004107,,ARIC EXAM 1,,,phv00207267,,,,
ARIC,pht004108,,ARIC EXAM 2,,,phv00207283,,,,
ARIC,pht004109,,ARIC EXAM 3,,,phv00207295,,,,
ARIC,pht004110,,ARIC EXAM 4,,,phv00207307,,,,
ARIC,pht004111,,ARIC EXAM 1,,,phv00207407,,,,
ARIC,pht004121,,ARIC EXAM 1,,,phv00207644,,,,
ARIC,pht004122,,ARIC EXAM 2,,,phv00207655,,,,
ARIC,pht004123,,ARIC EXAM 3,,,phv00207667,,,,
ARIC,pht004124,,ARIC EXAM 4,,,phv00207685,,,,
ARIC,pht004125,,ARIC EXAM 4,,,phv00207742,,,,
ARIC,pht004126,,ARIC EXAM 1,,,phv00207799,,,,
ARIC,pht004128,,ARIC EXAM 3,,,phv00207836,,,,
ARIC,pht004129,,ARIC EXAM 1,,,phv00207923,,,,
ARIC,pht004130,,ARIC EXAM 2,,,phv00208012,,,,
ARIC,pht004131,,ARIC EXAM 3,,,phv00208084,,,,
ARIC,pht004136,,ARIC EXAM 4,,,phv00208322,,,,
ARIC,pht004137,,ARIC EXAM 2,,,phv00208436,,,,
ARIC,pht004139,,ARIC EXAM 3,,,phv00208660,,,,
ARIC,pht004142,,ARIC EXAM 1,,,phv00208835,,,,
ARIC,pht004143,,ARIC EXAM 1,,,phv00208902,,,,
ARIC,pht004144,,ARIC EXAM 2,,,phv00208956,,,,
ARIC,pht004145,,ARIC EXAM 3,,,phv00209045,,,,
ARIC,pht004146,,ARIC EXAM 4,,,phv00209097,,,,
ARIC,pht004147,,ARIC EXAM 1,,,phv00209111,,,,
ARIC,pht004148,,ARIC EXAM 2,,,phv00209123,,,,
ARIC,pht004149,,ARIC EXAM 3,,,phv00209159,,,,
ARIC,pht004150,,ARIC EXAM 4,,,phv00209195,,,,
ARIC,pht004161,,ARIC EXAM 1,,,phv00209758,,,,
ARIC,pht004192,,ARIC EXAM 1,,,phv00210296,,,,
ARIC,pht004193,,ARIC EXAM 2,,,phv00210321,,,,
ARIC,pht004194,,ARIC EXAM 3,,,phv00210347,,,,
ARIC,pht004195,,ARIC EXAM 4,,,phv00210370,,,,
ARIC,pht004197,,ARIC EXAM 1,,,phv00210411,,,,
ARIC,pht004198,,ARIC EXAM 2,,,phv00210430,,,,
ARIC,pht004199,,ARIC EXAM 3,,,phv00210449,,,,
ARIC,pht004200,,ARIC EXAM 4,,,phv00210468,,,,
ARIC,pht004201,,ARIC EXAM 1,,,phv00210593,,,,
ARIC,pht004202,,ARIC EXAM 2,,,phv00210717,,,,
ARIC,pht004203,,ARIC EXAM 3,,,phv00210839,,,,
ARIC,pht004204,,ARIC EXAM 4,,,phv00210895,,,,
ARIC,pht004205,,ARIC EXAM 4,,,phv00210964,,,,
ARIC,pht004207,,ARIC EXAM 1,,,phv00211150,,,,
ARIC,pht004213,,ARIC EXAM 2,,,phv00212653,,,,
ARIC,pht004223,,ARIC EXAM 4,,,phv00213977,,,,
ARIC,pht004229,,ARIC EXAM 1,,,phv00215518,,,,
ARIC,pht004230,,ARIC EXAM 2,,,phv00215626,,,,
ARIC,pht004231,,ARIC EXAM 1,,,phv00216043,,,,
ARIC,pht004232,,ARIC EXAM 2,,,phv00216460,,,,
ARIC,pht004233,,ARIC EXAM 3,,,phv00216877,,,,
ARIC,pht004234,,ARIC EXAM 4,,,phv00217294,,,,
ARIC,pht006414,,ARIC EXAM 5,,,phv00294489,phv00294491,,,
ARIC,pht006415,,ARIC EXAM 5,,,phv00294559,phv00294561,,,
ARIC,pht006416,,ARIC AFQ,,,phv00294620,phv00294816,,,
ARIC,pht006417,,ARIC EXAM 5,,,phv00294818,,,,
ARIC,pht006419,,ARIC EXAM 5,,,phv00294834,,,,
ARIC,pht006422,,ARIC EXAM 5,,,phv00294953,,,,
ARIC,pht006427,,ARIC EXAM 5,,,phv00295244,,,,
ARIC,pht006428,,ARIC EXAM 5,,,phv00295531,,,,
ARIC,pht006432,,ARIC EXAM 5,,,phv00295692,,,,
ARIC,pht006434,,ARIC EXAM 5,,,phv00295710,,,,
ARIC,pht006436,,ARIC EXAM 5,,,phv00295776,,,,
ARIC,pht006437,,ARIC EXAM 5,,,phv00296190,,,,
ARIC,pht006439,,ARIC COHORT,,,phv00296348,,,,
ARIC,pht006440,,ARIC HOSPITAL FORM,,,phv00296583,,,,
ARIC,pht006441,,ARIC EXAM 5,,,phv00296598,,,,
ARIC,pht006443,,ARIC COHORT,,,phv00296689,phv00506180,,,
ARIC,pht006444,,ARIC EXAM 5,,,phv00296690,,,,
ARIC,pht006453,,ARIC EXAM 5,,,phv00296935,,,,
ARIC,pht006457,,ARIC COHORT,,,phv00297336,,,,
ARIC,pht006467,,ARIC EXAM 5,,,phv00297546,phv00297561,,,
ARIC,pht006468,,ARIC EXAM 5,,,phv00297599,phv00511022,,,
ARIC,pht006469,,ARIC COHORT,,,phv00297645,,,,
ARIC,pht006477,,ARIC EXAM 5,,,phv00297894,,,,
ARIC,pht006479,,ARIC EXAM 5,,,phv00297979,,,,
ARIC,pht006480,,ARIC LAB FORM,,,phv00298028,,,,
ARIC,pht006489,,ARIC EXAM 5,,,phv00298673,,,,
ARIC,pht009464,,ARIC HOSPITAL FORM,,,phv00418997,,,,
ARIC,pht009477,,ARIC COHORT,,,phv00419825,phv00419796,,,
ARIC,pht009479,,ARIC MEDICAL CONDITIONS UPDATE FORM,,,phv00419900,,,"has days since baseline var, which could be added to age at baseline (in days) to calculate age at follow-up",
ARIC,pht012502,,ARIC COHORT,,,phv00506823,,,,
ARIC,pht012503,CHEM2,ARIC CHEM 2,,,phv00506928,,,"Chemistry Lab, Codebook CHEM2",
ARIC,pht012504,,ARIC EXAM 7,,,phv00507300,phv00507307,,,
ARIC,pht012505,,ARIC LAB FORM,,,phv00507453,,,,
ARIC,pht012511,,ARIC EXAM 1,,,phv00507546,,,guessing it's exam 1 based on variable names in the table,
ARIC,pht012518,,ARIC EXAM 7,,,phv00507808,,,,
ARIC,pht012811,,ARIC COHORT,,,phv00511637,,,,
ARIC,pht012812,,ARIC EXAM 5,,,phv00511863,phv00511865,,,
ARIC,pht012813,,ARIC EXAM 4,,,phv00511942,phv00511996,,,
ARIC,pht012814,,ARIC EXAM 5,,,phv00512039,phv00512050,,,
ARIC,pht012815,,ARIC EXAM 6,,,phv00512222,phv00512229,,,
ARIC,pht012816,,ARIC EXAM 5,,,phv00512410,,,,
ARIC,pht012817,,ARIC COHORT,,,phv00512470,,,,
ARIC,pht012818,,ARIC COHORT,,,phv00512499,,,,
ARIC,pht012819,,ARIC COHORT,,,phv00512528,,,,
ARIC,pht012820,,ARIC COHORT,,,phv00512559,,,,
ARIC,pht012821,,ARIC EXAM 1,,,phv00512590,phv00513388,,,
ARIC,pht012822,,ARIC EXAM 2,,,phv00513413,phv00514213,,,
ARIC,pht012823,,ARIC EXAM 3,,,phv00514239,phv00515039,,,
ARIC,pht012824,,ARIC EXAM 4,,,phv00515065,phv00515865,,,
ARIC,pht012825,,ARIC COHORT,,,phv00515894,,,,
ARIC,pht012826,FXI_GAMMA_DDIMER_ARIC_V3,ARIC LAB FORM,,,phv00515956,,,,
ARIC,pht012835,,ARIC EXAM 2,,,phv00516587,phv00516591,,,
ARIC,pht012839,,ARIC EXAM 5,,,phv00516796,,,,
ARIC,pht012840,,ARIC EXAM 6,,,phv00516885,,,,
ARIC,pht012841,,ARIC EXAM 1,,,phv00516948,,,,
ARIC,pht012842,,ARIC EXAM 2,,,phv00516965,,,,
ARIC,pht012849,,ARIC EXAM 2,,,phv00518227,,,,
ARIC,pht012850,,ARIC LAB FORM,,,phv00519695,,,,
ARIC,pht012851,,ARIC EXAM 1,,,phv00519771,,,guessing based on variable names in the table,
ARIC,pht012853,V1_V5_ANALYTES,ARIC COHORT,,,phv00519789,,,,
ARIC,pht012855,,ARIC EXAM 5,,,phv00519876,,,guessing based on variable names in the table,
CARDIA,pht001557,,CARDIA EXAM 0,,,phv00112401,,,,
CARDIA,pht001559,,CARDIA EXAM 0,,,phv00112417,,,,
CARDIA,pht001560,,CARDIA YEAR 0,,,phv00112462,,,,
CARDIA,pht001563,,CARDIA YEAR 0,,,phv00112654,,,,
CARDIA,pht001565,,CARDIA YEAR 0,,,phv00112709,,,,
CARDIA,pht001566,,CARDIA YEAR 0,,,phv00112876,,,,
CARDIA,pht001568,,CARDIA YEAR 0,,,phv00112958,,,,
CARDIA,pht001569,,CARDIA YEAR 0,,,phv00112975,phv00112977,,,
CARDIA,pht001570,,CARDIA YEAR 0,,,phv00113019,,,,
CARDIA,pht001571,,CARDIA EXAM 0,,,phv00113153,,,,
CARDIA,pht001574,,CARDIA YEAR 0,,,phv00113225,,,"Description: 1985-1986, Year 0. Family Medical History. Cardiovascular disease and its risk factors among young adult participants.",
CARDIA,pht001575,,CARDIA YEAR 0,,,phv00113261,,,,
CARDIA,pht001583,,CARDIA YEAR 2,,,phv00113633,,,,
CARDIA,pht001584,,CARDIA YEAR 0,,,phv00113663,,,,
CARDIA,pht001587,,CARDIA YEAR 0,,,phv00113697,,,,
CARDIA,pht001588,,CARDIA YEAR 0,,,phv00113699,,,,
CARDIA,pht001591,,CARDIA YEAR 0,,,phv00113813,,,,
CARDIA,pht001592,,CARDIA YEAR 0,,,phv00113907,,,,
CARDIA,pht001593,,CARDIA YEAR 0,,,phv00114001,,,,
CARDIA,pht001600,,CARDIA YEAR 2,,,phv00114304,,,,
CARDIA,pht001601,,CARDIA YEAR 2,,,phv00114324,,,,
CARDIA,pht001604,,CARDIA YEAR 2,,,phv00114376,,,,
CARDIA,pht001607,,CARDIA YEAR 2,,,phv00114388,,,"Description: 1987-1988, Year 2. Heart Problems. Cardiovascular disease and its risk factors among young adult participants.",
CARDIA,pht001626,,CARDIA YEAR 2,,,phv00114583,phv00114610,,,
CARDIA,pht001627,,CARDIA YEAR 2,,,phv00114613,,,,
CARDIA,pht001632,,CARDIA YEAR 2,,,phv00114828,,,,
CARDIA,pht001638,,CARDIA YEAR 2,,,phv00115030,,,,
CARDIA,pht001642,,CARDIA YEAR 2,,,phv00115089,,,,
CARDIA,pht001644,,CARDIA YEAR 2,,,phv00115097,,,,
CARDIA,pht001650,,CARDIA YEAR 5,,,phv00115203,,,,
CARDIA,pht001655,,CARDIA YEAR 5,,,phv00115414,,,,
CARDIA,pht001656,,CARDIA YEAR 5,,,phv00115423,,,,
CARDIA,pht001666,,CARDIA YEAR 5,,,phv00115593,,,"1990-1991, Year 5. Family Medical History. Cardiovascular disease and its risk factors among young adult participants.",
CARDIA,pht001667,,CARDIA YEAR 5,,,phv00115618,,,,
CARDIA,pht001671,,CARDIA YEAR 5,,,phv00115849,,,,
CARDIA,pht001679,,CARDIA YEAR 5,,,phv00116028,,,,
CARDIA,pht001684,,CARDIA YEAR 5,,,phv00116206,,,,
CARDIA,pht001687,,CARDIA YEAR 5,,,phv00116293,,,,
CARDIA,pht001692,,CARDIA YEAR 5,,,phv00116348,,,,
CARDIA,pht001694,,CARDIA YEAR 5,,,phv00116360,,,,
CARDIA,pht001695,,CARDIA YEAR 5,,,phv00116368,,,,
CARDIA,pht001699,,CARDIA YEAR 5,,,phv00116393,,,,
CARDIA,pht001705,,CARDIA YEAR 7,,,phv00116474,,,,
CARDIA,pht001706,,CARDIA YEAR 7,,,phv00116476,phv00116478,,,
CARDIA,pht001709,,CARDIA YEAR 7,,,phv00116624,,,,
CARDIA,pht001712,,CARDIA YEAR 7,,,phv00116761,,,,
CARDIA,pht001713,,CARDIA YEAR 7,,,phv00116928,,,,
CARDIA,pht001714,,CARDIA YEAR 7,,,phv00116945,,,,
CARDIA,pht001715,,CARDIA YEAR 7,,,phv00116953,,,,
CARDIA,pht001720,,CARDIA YEAR 7,,,phv00117221,,,,
CARDIA,pht001721,,CARDIA YEAR 7,,,phv00117250,,,"Description: 1992-1993, Year 7. Blood Pressure. Cardiovascular disease and its risk factors among young adult participants.",
CARDIA,pht001725,,CARDIA YEAR 7,,,phv00117441,,,,
CARDIA,pht001736,,CARDIA YEAR 7,,,phv00117549,,,,
CARDIA,pht001737,,CARDIA YEAR 7,,,phv00117551,,,,
CARDIA,pht001739,,CARDIA YEAR 7,,,phv00117555,,,,
CARDIA,pht001740,,CARDIA YEAR 7,,,phv00117564,,,,
CARDIA,pht001742,,CARDIA YEAR 7,,,phv00117569,,,,
CARDIA,pht001745,,CARDIA YEAR 7,,,phv00117593,,,,
CARDIA,pht001746,,CARDIA YEAR 7,,,phv00117707,,,,
CARDIA,pht001747,,CARDIA YEAR 7,,,phv00117821,,,,
CARDIA,pht001748,,CARDIA EXAM 7,,,phv00117878,,,,
CARDIA,pht001749,,CARDIA YEAR 7,,,phv00117898,,,,
CARDIA,pht001752,,CARDIA YEAR 10,,,phv00117996,,,,
CARDIA,pht001753,,CARDIA YEAR 10,,,phv00118005,,,,
CARDIA,pht001754,,CARDIA YEAR 10,,,phv00118009,,,,
CARDIA,pht001755,,CARDIA YEAR 10,,,phv00118039,,,,
CARDIA,pht001756,,CARDIA YEAR 10,,,phv00118153,,,,
CARDIA,pht001759,,CARDIA EXAM 10,,,phv00118359,,,,
CARDIA,pht001760,,CARDIA YEAR 10,,,phv00118416,,,,
CARDIA,pht001761,,CARDIA YEAR 10,,,phv00118426,,,,
CARDIA,pht001765,,CARDIA YEAR 10,,,phv00118644,,,,
CARDIA,pht001779,,CARDIA YEAR 10,,,phv00118781,,,"Dataset description: 1995-1996, Year 10. Family Medical History. Cardiovascular disease and its risk factors among young adult participants.",
CARDIA,pht001781,,CARDIA YEAR 10,,,phv00118837,phv00118959,,,
CARDIA,pht001782,,CARDIA YEAR 10,,,phv00118962,,,,
CARDIA,pht001785,,CARDIA YEAR 10,,,phv00119092,,,,
CARDIA,pht001790,,CARDIA YEAR 10,,,phv00119258,,,,
CARDIA,pht001793,,CARDIA EXAM 10,,,phv00119399,,,,
CARDIA,pht001794,,CARDIA YEAR 10,,,phv00119451,,,,
CARDIA,pht001795,,CARDIA YEAR 10,,,phv00119471,phv00119507,,,
CARDIA,pht001799,,CARDIA YEAR 10,,,phv00119597,,,,
CARDIA,pht001802,,CARDIA YEAR 10,,,phv00119611,,,,
CARDIA,pht001803,,CARDIA YEAR 10,,,phv00119617,,,,
CARDIA,pht001807,,CARDIA YEAR 15,,,phv00119689,,,,
CARDIA,pht001810,,CARDIA YEAR 15,,,phv00119790,,,,
CARDIA,pht001811,,CARDIA YEAR 15,,,phv00119801,,,,
CARDIA,pht001839,,CARDIA YEAR 15,,,phv00120525,,,,
CARDIA,pht001845,,CARDIA YEAR 15,,,phv00120660,,,,
CARDIA,pht001847,,CARDIA YEAR 15,,,phv00120665,,,,
CARDIA,pht001848,,CARDIA YEAR 15,,,phv00120667,,,,
CARDIA,pht001849,,CARDIA YEAR 15,,,phv00120674,,,,
CARDIA,pht001850,,CARDIA YEAR 15,,,phv00120680,,,,
CARDIA,pht001852,,CARDIA YEAR 15,,,phv00120749,,,,
CARDIA,pht001853,,CARDIA YEAR 15,,,phv00120757,,,,
CARDIA,pht001854,,CARDIA YEAR 15,,,phv00120763,,,,
CARDIA,pht001856,,CARDIA YEAR 15,,,phv00120986,,,,
CARDIA,pht001857,,CARDIA YEAR 15,,,phv00120993,,,,
CARDIA,pht001860,,CARDIA YEAR 15,,,phv00121033,,,,
CARDIA,pht001862,,CARDIA YEAR 15,,,phv00121060,,,,
CARDIA,pht001869,,CARDIA MEDICAL HISTORY,,,phv00121257,,,Description: Medical History. Cardiovascular disease and its risk factors among young adult participants.,
CARDIA,pht001870,,CARDIA HOSPITALIZATIONS DIAGNOSIS,,,phv00121454,,,"Description: Hospitalizations, Diagnosis. Cardiovascular disease and its risk factors among young adult participants.",
CARDIA,pht001871,,CARDIA MEDICAL HISTORY,,,phv00121473,,,Description: Medical History. Cardiovascular disease and its risk factors among young adult participants.,
CARDIA,pht001872,,CARDIA DC,,,phv00121679,,,,
CHS,pht001449,,CHS BASELINE,,,phv00098763,,,"no age info in table - ""at baseline""",
CHS,pht001450,,CHS BASELINE,,,phv00098771,phv00098799,,table has age variable,
CHS,pht001451,,,,,phv00099663,phv00100283,,years since baseline phv00100283 CHS BASELINE - NOT BASELINE,
CHS,pht001452,,,,,phv00100285,phv00100487,,age at baseline phv00100487 CHS BASELINE - NOT BASELINE,
CHS,pht001456,,ATRIAL FIBRILLATION DATA,,,phv00100677,phv00100679,,Time from baseline to AFIB incident phv00100679 I think this is in days,
CHS,pht001457,,CHS DDIM,,,phv00100683,,,,
CHS,pht001459,,CHS CAC,,,phv00100690,,,"year CAC was measured - all values are ""11""",
CHS,pht001460,,CHS SHHS 1,,,phv00100693,phv00100694,,table has age variable phv00100694,
CHS,pht001462,,CHS YEAR 5,,,phv00100768,,,,
CHS,pht001464,,CHS SUMMARY,,,phv00100773,,,time to...... - i think this is time to whatever condition in days from baseline - also has time of and cause of death,
CHS,pht001466,,CHS EVENTS,,,phv00100808,,,has age at baseline in categories - is this duplicative? - has death and death time info - time to event,
CHS,pht001468,,CHS IMT,,,phv00100863,,,need to know when the imaging was done,
CHS,pht001473,,CHS YEAR 5,,,phv00101233,,,this is ultrasound data with no age variable,
CHS,pht001474,,CHS YEAR 10,,,phv00101324,phv00102006,,"look for a ""calculated age at visit"" variable phv00102006",
CHS,pht001475,,CHS YEAR 11,,,phv00102174,phv00102583,,age phv00102583,
CHS,pht001476,,CHS YEAR 12,,,phv00103155,phv00103206,,time since entry phv00103206,
CHS,pht001477,,CHS YEAR 12,,,phv00103207,phv00103259,,time since entry phv00103259,
CHS,pht001478,,CHS YEAR 13,,,phv00103260,phv00103311,,time since entry phv00103311,
CHS,pht001479,,CHS YEAR 13,,,phv00103312,phv00103364,,time since entry phv00103364,
CHS,pht001480,,CHS YEAR 14,,,phv00103365,phv00103416,,time since entry phv00103416,
CHS,pht001481,,CHS YEAR 14,,,phv00103417,phv00103469,,time since entry phv00103469,
CHS,pht001482,,CHS YEAR 15,,,phv00103470,phv00103521,,time since entry phv00103521,
CHS,pht001483,,CHS YEAR 15,,,phv00103522,phv00103574,,time since entry phv00103574,
CHS,pht001484,,CHS YEAR 16,,,phv00103575,phv00103626,,time since entry phv00103626,
CHS,pht001485,,CHS YEAR 16,,,phv00103627,phv00103679,,time since entry phv00103679,
CHS,pht001486,,CHS YEAR 17,,,phv00103680,phv00103729,,time since entry phv00103729,
CHS,pht001487,,CHS YEAR 17,,,phv00103730,phv00103780,,time since entry phv00103780,
CHS,pht001488,,CHS YEAR 3,,,phv00103781,,,calculated age at visit phv00104377,
CHS,pht001489,,CHS YEAR 4,,,phv00104468,,,age phv00104783,
CHS,pht001490,,CHS YEAR 5 NEW,,,phv00105099,,,age at baseline phv00105116 and phv00105622,
CHS,pht001491,,CHS YEAR 5 OLD,,,phv00106520,,,age phv00106844,
CHS,pht001492,,CHS YEAR 6,,,phv00107443,,,age phv00107780,
CHS,pht001493,,CHS YEAR 7,,,phv00108303,,,age phv00108813,
CHS,pht001494,,CHS YEAR 8,,,phv00109056,,,age phv00109604,
CHS,pht001495,,CHS YEAR 9,,,phv00109768,,,age phv00109855,
CHS,pht003697,,CHS SHHS 1,,,phv00197325,,,time to entry phv00197358 and phv00197359,
CHS,pht003699,,CHS PSG 1,,,phv00197394,,,time from entry phv00198804,
CHS,pht003700,,CHS PSG 2,,,phv00198805,,,age phv00198807,
CHS,pht005981,,CHS VTE,,,phv00273564,,,,
COPD,pht002239,,COPDGENE,,,phv00159568,phv00159836,,,
FHS,pht000009,ex0_7s,,,FHS ORIGINAL EXAM 1-7,phv00001036,,,will need to look in variable description for specific exam. to isolate Original cohort Exam 5 one would need to specify IDTYPE=0 (Original cohort) and DATE5,
FHS,pht000010,ex0_8s,FHS ORIGINAL EXAM 8,,,phv00001187,phv00177944,,,
FHS,pht000011,ex0_9s,FHS ORIGINAL EXAM 9,,,phv00001363,phv00177946,,,
FHS,pht000012,ex0_10s,FHS ORIGINAL EXAM 10,,,phv00001559,phv00177948,,,
FHS,pht000013,ex0_11s,FHS ORIGINAL EXAM 11,,,phv00001803,phv00177950,,,
FHS,pht000014,ex0_12s,FHS ORIGINAL EXAM 12,,,phv00002020,phv00177952,,,
FHS,pht000015,ex0_13s,FHS ORIGINAL EXAM 13,,,phv00002204,phv00177954,,,
FHS,pht000016,ex0_14s,FHS ORIGINAL EXAM 14,,,phv00002425,phv00177956,,,
FHS,pht000017,ex0_15s,FHS ORIGINAL EXAM 15,,,phv00002668,phv00177958,,,
FHS,pht000018,ex0_16s,FHS ORIGINAL EXAM 16,,,phv00002946,phv00177960,,,
FHS,pht000019,ex0_17s,FHS ORIGINAL EXAM 17,,,phv00003261,phv00177962,,,
FHS,pht000020,ex0_18s,FHS ORIGINAL EXAM 18,,,phv00003667,phv00177964,,,
FHS,pht000021,ex0_19s,FHS ORIGINAL EXAM 19,,,phv00004083,phv00177966,,,
FHS,pht000022,ex0_20s,FHS ORIGINAL EXAM 20,,,phv00004525,phv00177968,,,
FHS,pht000023,ex0_21s,FHS ORIGINAL EXAM 21,,,phv00004939,phv00177970,,,
FHS,pht000024,ex0_22s,FHS ORIGINAL EXAM 22,,,phv00005557,phv00177972,,,
FHS,pht000025,ex0_23s,FHS ORIGINAL EXAM 23,,,phv00006030,phv00177974,,,
FHS,pht000026,ex0_24s,FHS ORIGINAL EXAM 24,,,phv00006325,phv00177976,,,
FHS,pht000027,ex0_25s,FHS ORIGINAL EXAM 25,,,phv00006663,phv00177978,,,
FHS,pht000028,ex0_26s,FHS ORIGINAL EXAM 26,,,phv00007095,phv00177980,,,
FHS,pht000029,ex0_27s,FHS ORIGINAL EXAM 27,,,phv00007534,phv00177982,,,
FHS,pht000030,ex1_1s,FHS OFFSPRING EXAM 1,,,phv00007675,phv00177930,,,
FHS,pht000031,ex1_2s,FHS OFFSPRING EXAM 2,,,phv00008379,phv00177932,,,
FHS,pht000032,ex1_3s,FHS OFFSPRING EXAM 3,,,phv00008743,phv00177934,,,
FHS,pht000033,ex1_4s,FHS OFFSPRING EXAM 4,,,phv00009127,phv00177936,,,
FHS,pht000034,ex1_5s,FHS OFFSPRING EXAM 5,,,phv00009579,phv00177938,,,
FHS,pht000035,ex1_6s,FHS OFFSPRING EXAM 6,,,phv00010138,phv00177940,,,
FHS,pht000036,ex1_7s,FHS OFFSPRING EXAM 7,,,phv00010694,phv00177942,,,
FHS,pht000040,vr_diab_ex28_0_0601s,,,FHS ORIGINAL EXAM 1-28,phv00010783,,,will need to look in variable description for specific exam,
FHS,pht000041,vr_diab_ex10_1b_1489s,,,"FHS OFFSPRING EXAM 1-10, OMNI 1 EXAM 1-5",phv00010804,,,will need to look in variable description for specific exam,
FHS,pht000074,ex3_1s,FHS GENERATION 3 EXAM 1,,,phv00021427,phv00177930,,see pht003099 for ages at all exams,
FHS,pht000076,ankle1_7s,FHS OFFSPRING EXAM 7,,,phv00021587,phv00177942,,,
FHS,pht000077,ankle1_6s,FHS OFFSPRING EXAM 6,,,phv00021606,phv00177940,,,
FHS,pht000078,,FHS OFFSPRING EXAM 6,,,phv00021685,phv00177940,,,
FHS,pht000080,crp1_2s,FHS OFFSPRING EXAM 2,,,phv00021692,phv00177932,,,
FHS,pht000081,crp1_6s,FHS OFFSPRING EXAM 6,,,phv00021695,phv00177940,,,
FHS,pht000083,carotid1_6s,FHS OFFSPRING EXAM 6,,,phv00021738,phv00177940,,,
FHS,pht000084,fib1_5s,FHS OFFSPRING EXAM 5,,,phv00021741,phv00177938,,,
FHS,pht000085,fib1_6s,FHS OFFSPRING EXAM 6,,,phv00021746,phv00177940,,,
FHS,pht000086,fib0_21s,,,FHS ORIGINAL EXAM 20-21,phv00021752,,,,
FHS,pht000094,icd0_19s,,,FHS ORIGINAL EXAM 2-19,phv00021961,,,,
FHS,pht000098,act1_5s,FHS OFFSPRING EXAM 6,,,phv00022305,phv00177940,,,
FHS,pht000100,psych1_3s,FHS OFFSPRING EXAM 3,,,phv00022553,phv00177934,,,
FHS,pht000101,pft1_5s,FHS OFFFSPRING EXAM 5,,,phv00022566,phv00177938,,,
FHS,pht000102,pft3_1s,FHS GENERATION 3 EXAM 1,,,phv00022579,phv00177930,,,
FHS,pht000103,,FHS ORIGINAL EXAM 19,,,phv00022662,phv00177966,,,
FHS,pht000104,pft1_6s,FHS OFFSPRING EXAM 6,,,phv00022675,phv00177940,,,
FHS,pht000105,pft1_3s,FHS OFFSPRING EXAM 3,,,phv00022687,phv00177934,,,
FHS,pht000106,pft1_7s,FHS OFFSPRING EXAM 7,,,phv00022700,phv00177942,,,
FHS,pht000107,resp1_6s,,,FHS OFFSPRING EXAM 5-6,phv00022726,,,look at phv00022702 for specific visit,
FHS,pht000138,ank0_23s,FHS ORIGINAL EXAM 23,,,phv00023146,phv00177974,,,
FHS,pht000139,,FHS OFFSPRING EXAM 7,,,phv00023157,phv00177942,,,
FHS,pht000140,,FHS GENERATION 3 EXAM 1,,,phv00023166,phv00177930,,,
FHS,pht000144,ct3_1s,FHS GENERATION 3 EXAM 1,,,phv00023198,phv00177930,,,
FHS,pht000145,ct1_7s,FHS OFFSPRING EXAM 7,,,phv00023204,phv00177942,,,
FHS,pht000146,creacys1_7s,FHS OFFSPRING EXAM 7,,,phv00023209,phv00177942,,,
FHS,pht000147,ebct1_7s,,,FHS OFFSPRING EXAM 6-7,phv00023247,,,not sure how to separate exam 6 and 7,
FHS,pht000149,ecgdigital_18s,,,"FHS ORIGINAL EXAM 16-18, OFFSPRING EXAM 2",phv00023494,,,need to look at phv00023254 to get visit,
FHS,pht000160,psipi_2003s,FHS PSIP,,,phv00023794,,,use phv00023788 to get cohort,
FHS,pht000172,psipr_2003s,"FHS PSIP ORIGINAL, OFFSPRING",,,phv00023901,,,,
FHS,pht000183,Framingham_Pedigree,FHS SHARE,,,phv00024068,,,,
FHS,pht000194,brach3_1s,FHS GENERATION 3 EXAM 1,,,phv00024437,phv00177930,,,
FHS,pht000195,brach1_7s,FHS OFFSPRING EXAM 7,,,phv00024510,phv00177942,,,
FHS,pht000196,,FHS Cardiac MRI Left Ventricular Hypertrophy,,,phv00024536,,,Use phv00024511 to pick cohort,
FHS,pht000197,hrv_1987s,,FHS Heart Rate Variability,,phv00024558,,,use phv00024555 & phv00024556 to pick the cohort and visit,
FHS,pht000198,vr_raceall_2011_a_1257s,FHS OFFSPRING EXAM 5,,,phv00024576,phv00177938,,,
FHS,pht000209,t_tonla_ex07_1b_1231s,,,"FHS OFFSPRING EXAM 7, OMNI 1 EXAM 2",phv00024802,,,look at phv00024759 to pick the visit,
FHS,pht000210,t_tonla_ex01_3b_1234s,,,"FHS GENERATION 3 EXAM 1, NEW OFFSPRING SPOUSE EXAM 1, OMNI 2 EXAM 1",phv00024846,phv00177930,,use phv00024803 to disambiguate cohort,
FHS,pht000211,t_tonla_ex26_0_1229s,FHS ORIGINAL EXAM 26,,,phv00024907,phv00177980,,,
FHS,pht000299,ecg_alls,,,"FHS ORIGINAL EXAM 11, OFFSPRING EXAM 1, GENERATION 3 EXAM 1",phv00036379,,,need to look at phv00036348 to get visit,
FHS,pht000313,urine3_1s,FHS GENERATION 3 EXAM 1,,,phv00036496,phv00177930,,,
FHS,pht000393,natpep1_6s,FHS OFFSPRING EXAM 6,,,phv00055163,phv00177940,,,
FHS,pht000394,wktest1_7s,FHS OFFSPRING EXAM 7,,,phv00055249,phv00177942,,,
FHS,pht000395,t_sleephhs_1998_1b_1056s,FHS Sleep Heart Health Study (SHHS) Baseline,,,phv00056635,,,"this is a weird one. The SHHS dataset is a derived dataset that uses previously collected measurements from other FHS tables, plus adds some new ones. Age and visit are both obscured by the derivation",
FHS,pht000396,t_sleephhs_1999_1b_1057s,FHS Sleep Heart Health Study (SHHS) Follow Up 1,,,phv00056722,,,,
FHS,pht000397,t_sleephhs_2003_1b_1058s,FHS Sleep Heart Health Study (SHHS) Follow Up 2,,,phv00057982,,,,
FHS,pht000673,t_pat_2005_m_0259s,,"case(({phv00066749} == 0, ''FHS ORIGINAL EXAM 28''), ({phv00066749} == 2, ''FHS NEW OFFSPRING SPOUSE EXAM 1''), ({phv00066749} == 3, ''FHS GENERATION 3 EXAM 1''), ({phv00066749} == 72, ''FHS OMNI 2 EXAM 1''), (True, ''FHS UNKNOWN VISIT'')))",,phv00066765,,,look at phv00066749 to pick the visit,
FHS,pht000680,ffreq1_5s,FHS OFFSPRING EXAM 5,,,phv00068241,phv00177938,,,
FHS,pht000681,ffreq1_6s,FHS OFFSPRING EXAM 6,,,phv00068713,phv00177940,,,
FHS,pht000682,ffreq1_7s,FHS OFFSPRING EXAM 7,,,phv00069162,phv00177942,,,
FHS,pht000685,ntx1_7s,FHS OFFSPRING EXAM 7,,,phv00069668,phv00177942,,,
FHS,pht000688,insulin3_1s,FHS GENERATION 3 EXAM 1,,,phv00069685,phv00177930,,,
FHS,pht000692,ex0_28s,FHS ORIGINAL EXAM 28,,,phv00070736,phv00177984,,,
FHS,pht000742,fhslab1_8s,FHS OFFSPRING EXAM 8,,,phv00071899,phv00177944,,,
FHS,pht000744,,"FHS DVT ORIGINAL, OFFSPRING, NEW OFFSPRING SPOUSE, GENERATION 3, OMNI1, OMNI2",,,phv00071949,,,,
FHS,pht000745,,FHS ECG,,,phv00072018,,,look at phv00072013 to disambiguate visit FHS OFFSPRING AND OMNI 1 SHHS,
FHS,pht000747,ex1_8s,FHS OFFSPRING EXAM 8,,,phv00072580,phv00177944,,,
FHS,pht000748,t_pat_ex08_1b_0230s,,"case(({phv00072619} == 1, ''FHS Offspring Exam 8''), ({phv00072619} == 7, ''FHS Omni 1 Exam 3''), (True, ''FHS UNKNOWN VISIT'')))",,phv00072715,,,look at phv00072619 to pick visit,
FHS,pht000823,bnp3_1s,FHS GENERATION 3 EXAM 1,,,phv00073729,phv00177930,,,
FHS,pht000830,dopecho0_20s,FHS ORIGINAL EXAM 20,,,phv00073819,phv00177968,,,
FHS,pht000832,pft1_8s,FHS OFFSPRING EXAM 8,,,phv00073843,phv00177944,,,
FHS,pht000907,imtcarotid1_6s,FHS OFFSPRING EXAM 6,,,phv00076368,phv00177940,,,
FHS,pht001039,l_cortisol_ex06_1b_0495s,,,"Offspring Exams 5, 6, and Omni 1 Exam 1",phv00080759,,,use  phv00080750 + phv00080751 to pick visit,
FHS,pht001045,laba0_20s,,,FHS ORIGINAL EXAM 20 AND EXAM 21,phv00081012,,,need to look at phv00081047 to see which is 20 and which is 21 FHS ORIGINAL EXAM 20 AND EXAM 21,
FHS,pht002150,vr_ffreq_ex01_3_0587s,FHS GENERATION 3 EXAM 1,,,phv00157296,phv00177930,,,
FHS,pht002151,ffreq0_20s,FHS ORIGINAL EXAM 20,,,phv00157771,phv00177968,,,
FHS,pht002152,,FHS ORIGINAL EXAM 21,,,phv00158091,phv00177970,,,
FHS,pht002153,ffreq0_22s,FHS ORIGINAL EXAM 22,,,phv00158540,phv00177972,,,
FHS,pht002234,l_mtbli1_ex05_1_0610s,FHS OFFSPRING EXAM 5,,,phv00159494,phv00177938,,,
FHS,pht002350,vr_ffreq_ex08_1_0615s,FHS OFFSPRING EXAM 8,,,phv00162112,phv00177944,,,
FHS,pht002425,l_emppmp_ex08_1_0489s,FHS OFFSPRING EXAM 8,,,phv00163426,phv00177944,,,
FHS,pht002566,l_mtbli2_ex05_1_0660s,FHS OFFSPRING EXAM 5,,,phv00166779,phv00177938,,,
FHS,pht002572,t_echo_2008_m_0549s,,,"FHS OFFSPRING EXAM 8, NEW OFFSPRING SPOUSE EXAM 1, OMNI 1 EXAM 3, OMNI 2 EXAM 1",phv00166999,,,look at phv00167000 to pick the visit,
FHS,pht002573,t_echo_ex01_3_0042s,FHS GENERATION 3 EXAM 1,,,phv00167131,phv00177930,,,
FHS,pht002889,l_fhslab_2011_m_0656s,,,"FHS GENERATION 3, NEW OFFSPRING SPOUSE, OMNI 2 EXAM 2",phv00172159,phv00177932,,look at phv00172160 to disambiguate,
FHS,pht002895,l_mtbli3_ex05_1_0707s,FHS OFFSPRING EXAM 5,,,phv00172304,phv00177938,,,
FHS,pht002900,vr_ffreq_ex02_3b_1345s,,,"FHS GENERATION 3, NEW OFFSPRING SPOUSE, OMNI 2 EXAM 2",phv00172393,phv00177932,,use phv00173095 to get visit,
FHS,pht003094,e_exam_ex02_3b_0017s,,"case(({phv00177238} == 2, ''FHS New Offspring Spouse Exam 2''), ({phv00177238} == 3, ''FHS Generation 3 Exam 2''), ({phv00177238} == 72, ''FHS OMNI 2 EXAM 2''), (True, ''FHS UNKNOWN VISIT'')))",,phv00177237,phv00177932,,look at phv00177238 to pick the visit,
FHS,pht003099,vr_dates_2022_a_1487s,,FHS COHORT,,phv00177926,,,look at phv00177928 to get visit,
FHS,pht003316,vr_survcvd_2021_a_1453s,,,"FHS FOLLOW UP ORIGINAL, OFFSPRING, GENERATION 3, NEW OFFSPRING SPOUSE, OMNI 1, OMNI 2",phv00190814,,,,
FHS,pht003317,vr_survdth_2021_a_1452s,,,"FHS SURVIVAL ORIGINAL, OFFSPRING, GENERATION 3, NEW OFFSPRING SPOUSE, OMNI1, OMNI 2",phv00190826,,,,
FHS,pht003632,t_pftprealb_2011_m_0646s,,,"FHS GENERATION 3, NEW OFFSPRING SPOUSE, OMNI 2 EXAM 2",phv00196546,phv00177932,,use phv00196547 to disambiguate visit,
FHS,pht003634,,FHS ORIGINAL EXAM 18,,,phv00003637,phv00177964,,,
FHS,pht003901,l_insulin_2008_m_0704s,,,Offspring Exam 8 and Omni 1 Exam 3,phv00201989,,,use phv00201989 & phv00201990 to disambiguate visit,
FHS,pht003902,l_insulin_2011_m_0703s,,,"GENERATION 3 EXAM 2, NEW OFFSPRING SPOUSE EXAM 2, OMNI 2 EXAM 2",phv00201993,phv00177932,,look at phv00201994 to disambiguate visit,
FHS,pht004362,l_umtbl_ex06_1_0742s,FHS OFFSPRING EXAM 6,,,phv00219228,phv00177940,,,
FHS,pht004363,l_uralcrea_ex07_1b_0380s,,,"FHS OFFSPRING EXAM 7, OMNI 1 EXAM 2",phv00219544,,,use phv00219545 to disambiguate visit,
FHS,pht004374,vr_npd_2022_a_1471s,FHS Neuropsychology Tests,,,phv00220821,,,,
FHS,pht004375,vr_npka_1978_0_0872s,,,FHS ORIGINAL EXAM 14-15,phv00220863,,,,
FHS,pht004801,l_fhslab_ex01_7_0270s,FHS OMNI 1 EXAM 1,,,phv00227012,phv00177930,,,
FHS,pht004802,l_fhslab_ex09_1b_0658s,,,"FHS OFFSPRING EXAM 9, OMNI 1 EXAM 4",phv00227023,,,look at phv00227024 to pick the visit,
FHS,pht004805,l_insulin_ex09_1b_0882s,,,Offspring Exam 9 and Omni 1 Exam 4,phv00227082,,,use phv00227082 & phv00227083 to pick the visit,
FHS,pht004806,l_platagg_ex01_7_0236s,FHS OMNI 1 EXAM 1,,,phv00227087,phv00177930,,,
FHS,pht004809,l_urine24_ex09_1b_0857s,,,"FHS OFFSPRING EXAM 9, OMNI 1 EXAM 4",phv00227261,,,look at phv00227262 to pick visit,
FHS,pht004813,,FHS Omni 1 Clinic Exam 1,,,phv00250282,phv00177930,,,
FHS,pht004814,e_exam_ex02_7_0003s,FHS OMNI 1 EXAM 2,,,phv00250718,phv00177932,,,
FHS,pht004815,e_exam_ex03_7_0426s,FHS OMNI 1 EXAM 3,,,phv00251262,phv00177934,,,
FHS,pht005140,e_exam_ex09_1b_0844s,,"case(({phv00254011} == 1, ''FHS Offspring Exam 9''), ({phv00254011} == 7, ''FHS Omni 1 Exam 4''), (True, ''FHS UNKNOWN VISIT'')))",,phv00254010,,,look at phv00254011 to disambiguate visit,
FHS,pht005141,e_exam_ex29_0_0210s,FHS ORIGINAL EXAM 29,,,phv00254596,phv00226999,,,
FHS,pht005142,e_exam_ex30_0_0274s,FHS ORIGINAL EXAM 30,,,phv00254989,phv00227002,,,
FHS,pht005143,l_fhslab_ex01_3b_0800s,,,"FHS NEW OFFSPRING SPOUSE, OMNI 2 EXAM 1",phv00255339,phv00177930,,use phv00255340 to disambiguate visti,
FHS,pht005144,l_mtbnegam1_ex01_3_0956s,FHS GENERATION 3 EXAM 1,,,phv00255349,phv00177930,,,
FHS,pht005147,l_rnapilot_ex08_1_0918s,FHS OFFSPRING EXAM 8,,,phv00255463,phv00177944,,,
FHS,pht005149,,,"case(({phv00257537} == 2, ''FHS New Offspring Spouse Exam 2''), ({phv00257537} == 3, ''FHS Generation 3 Exam 2''), ({phv00257537} == 72, ''FHS Omni 2 Exam 2''), (True, ''FHS UNKNOWN VISIT'')))",,phv00257536,phv00177932,,look at phv00257537 to disambiguate cohort,
FHS,pht005150,,,"case(({phv00257556} == 1, ''FHS Offspring Exam 9''), ({phv00257556} == 7, ''FHS Omni 1 Exam 4''), (True, ''FHS UNKNOWN VISIT'')))",,phv00257555,,,look at phv00257556 to disambiguate visit FHS OFFSPRING EXAM 9 AND OMNI 1 EXAM 4,
FHS,pht005161,t_ctthrcac_2011_m_0682s,FHS CT - Thoracic Coronary Artery Calcium Score and Volume,,,phv00257668,,,use phv00257669 to disambiguate cohort,
FHS,pht005169,t_pftpreal_ex09_1b_0867s,,,"FHS OFFSPRING EXAM 9, OMNI 1 EXAM 4",phv00257829,,,use phv00257830 to disambiguate visit,
FHS,pht005170,t_pftprealb_2005_m_0759s,,,"FHS NEW OFFSPRING SPOUSE, OMNI 2 EXAM 1",phv00257846,phv00177930,,use phv00257848 to disambiguate visit,
FHS,pht006005,e_exam_ex01_2_0813s,FHS NEW OFFSPRING SPOUSE EXAM 1,,,phv00273700,phv00177930,,,
FHS,pht006006,,FHS Omni 2 Exam 1,,,phv00274193,phv00177930,,,
FHS,pht006007,e_exam_ex31_0_0738s,FHS ORIGINAL EXAM 31,,,phv00274708,phv00227005,,,
FHS,pht006008,e_exam_ex32_0_0939s,FHS ORIGINAL EXAM 32,,,phv00275063,phv00227008,,,
FHS,pht006010,l_fhslab_ex02_7_0561s,FHS OMNI 1 EXAM 2,,,phv00275400,phv00177932,,,
FHS,pht006011,l_fhslab_ex03_7_0267s,FHS OMNI 1 EXAM 3,,,phv00275410,phv00177934,,,
FHS,pht006013,l_proapt2_ex05_1_1113s,FHS OFFSPRING EXAM 5,,,phv00275427,phv00177938,,,
FHS,pht006018,vr_chfinit_2013_a_0828s,FHS CHF CASE REVIEW,,,phv00276803,,,,
FHS,pht006023,vr_svstk_2021_a_1455s,FHS STROKE ,,,phv00276963,,,use phv00276964 to get cohort,
FHS,pht006024,vr_svstktia_2021_a_1451s,FHS STROKE/TIA,,,phv00276969,,,use phv00276970 to get cohort,
FHS,pht006025,vr_vte_2020_a_1330s,FHS Venous Thrombosis Review,,,phv00276975,,,,
FHS,pht006026,vr_wkthru_ex03_3b_1191s,,,"FHS GENERATION 3, NEW OFFSPRING SPOUSE, OMNI 2 EXAM 1-3",phv00277015,,,visit a compound of phvs for cohort and exam number in variable description. Do manually,
FHS,pht007775,vr_diab_ex03_3b_1312s,,,"FHS GENERATION 3, NEW OFFSPRING SPOUSE, OMNI 2 EXAM 1-2",phv00369581,,,use phv00369582 to get visit,
FHS,pht007776,vr_soechf_2016_a_1070s,,,"FHS EVENT REVIEW ORIGINAL, OFFSPRING, GENERATION 3, NEW OFFSPRING SPOUSE, OMNI 1, OMNI 2",phv00369587,,,use phv00369588 to get visit & phv00369637 to get cohort,
FHS,pht007777,vr_wkthru_ex32_0_0997s,,,FHS ORIGINAL,phv00369651,,,"will need to look in variable description for exam, and find separate variables for age at each exam",
FHS,pht009755,l_lipids_ex12_0_0342s,,,,phv00423778,,,use phv00423780 to disambiguate visit,
FHS,pht009760,vr_raceall_2011_a_1257s,FHS RACE,,,phv00423847,,,,
FHS,pht009761,vr_wkthru_ex10_1b_1488s,,,,phv00423868,,,"will need to look in variable description for specific exam, look at phv00423869 for cohort",
FHS,pht010724,,,"case(({phv00461745} == 2, ''FHS New Offspring Spouse Exam 3''), ({phv00461745} == 3, ''FHS Generation 3 Exam 3''), ({phv00461745} == 72, ''FHS Omni 2 Exam 3''), (True, ''FHS UNKNOWN VISIT'')))",,phv00461744,phv00177934,,use phv00461745 to disambiguate visit,
FHS,pht010725,l_dbtlab_ex07_1b_1237s,,,"Offspring Exams 5, 6, 7 and Omni 1 Exams 1, 2",phv00462160,,,use phv00462161 & phv00462162 for visit,
FHS,pht010726,l_fhslab_ex03_3b_1170s,,,"FHS EXAM LAB ASSAYS, GENERATION 3 EXAM 3, NEW OFFSPRING SPOUSE EXAM 3, OMNI 2 EXAM 3",phv00462185,phv00177934,,use phv00462186 for cohort,
FHS,pht010727,l_prothf_ex07_1_1148s,FHS OFFSPRING EXAM 7,,,phv00462203,phv00177942,,,
FHS,pht010744,t_tonla_ex02_3b_1235s,,,"Generation 3 Exam 2, Omni 2 Exam 2, and New Offspring Spouse Exam 2",phv00476561,phv00177932,,use phv00476562 to pick cohort,
FHS,pht010745,t_tonla_ex08_1b_1232s,,"case(({phv00476637} == 1, ''FHS OFFSPRING EXAM 8''), ({phv00476637} == 7 , ''FHS OMNI 1 EXAM 3''), (True, ''FHS UNKNOWN VISIT'')))",,phv00476636,,,use phv00476637 & phv00476638 to pick visit,
FHS,pht010746,t_tonla_ex09_1b_1233s,,"case(({phv00476759} == 1, ''FHS OFFSPRING EXAM 9''), ({phv00476759} == 7, ''FHS OMNI 1 EXAM 4''), (True, ''FHS UNKNOWN VISIT'')))",,phv00476758,,,use phv00476759 & phv00476760 to pick visit,
FHS,pht012880,l_inflamm_ex01_3b_1107s,,,,phv00520362,phv00177930,,use phv00520363 to pick visit,
FHS,pht012881,l_inflamm_ex07_1b_1105s,,"case(({phv00520377} == 1, ''FHS OFFSPRING EXAM 7''), ({phv00520377} == 7, ''FHS OMNI 1 EXAM 2''), (True, ''FHS UNKNOWN VISIT'')))",,phv00520376,,,use phv00520377 to pick visit,
FHS,pht012882,l_inflamm_ex08_1b_1106s,,"case(({phv00520396} == 1, ''FHS OFFSPRING EXAM 8''), ({phv00520396} == 7 , ''FHS OMNI 1 EXAM 3''), (True, ''FHS UNKNOWN VISIT'')))",,phv00520395,,,use phv00520396 to pick visit,
FHS,pht012887,l_mt1e2hnb_ex03_3_1200s,FHS GENERATION 3 EXAM 3,,,phv00520993,phv00177934,,,
FHS,pht012888,l_mt1e2hnc_ex03_3_1203s,FHS GENERATION 3 EXAM 3,,,phv00521067,phv00177934,,,
FHS,pht012897,,,"case(({phv00522522} == 2, ''FHS New Offspring Spouse Exam 3''), ({phv00522522} == 3, ''FHS Generation 3 Exam 3''), ({phv00522522} == 72, ''FHS Omni 2 Exam 3''), (True, ''FHS UNKNOWN VISIT'')))",,phv00522521,phv00177934,,use phv00522522 to disambiguate visit,
FHS ,pht002072,,FHS OFFSPRING EXAM 6,,,phv00141869,,,,
FHS ,pht002565,l_mtblcmhi1_ex05_1_0662s,FHS OFFSPRING EXAM 5,,,phv00166712,,,,
FHS ,pht002894,l_mtblcmhi2_ex05_1_0708s,FHS OFFSPRING EXAM 5,,,phv00172242,,,,
FHS ,pht004804,l_insulin_ex01_72_0937s,FHS OMNI 2 EXAM 1,,,phv00227079,,,,
HCHS,pht004715,,HCHS EXAM,,,phv00226250,phv00226251,,,
JHS,pht001921,,JHS EXAM 1,,,phv00124549,,,,
JHS,pht001922,,JHS EXAM 1,,,phv00124604,,,,
JHS,pht001923,,JHS EXAM 1,,,phv00124614,,,,
JHS,pht001926,,JHS EXAM 1,,,phv00124667,,,,
JHS,pht001940,,JHS EXAM 1,,,phv00125856,,,,
JHS,pht001941,,JHS EXAM 1,,,phv00125864,,,,
JHS,pht001945,,JHS EXAM 6,,,phv00125925,,,,
JHS,pht001948,,JHS EXAM 2,,,phv00126001,,,,
JHS,pht001955,,JHS EXAM 1,,,phv00127457,,,,
JHS,pht001959,,JHS EXAM 1,,,phv00127609,,,,
JHS,pht001960,,JHS URINE,,,phv00127641,,,,
JHS,pht001963,,JHS EXAM 1,,,phv00127670,,,,
JHS,pht001969,,JHS PULMONARY,,,phv00128197,,,,
JHS,pht001974,,JHS EXAM 1,,,phv00128355,,,,
JHS,pht008719,,JHS EXAM 9,,,phv00400683,,,,
JHS,pht008720,,JHS EXAM 9,,,phv00400740,,,,
JHS,pht008729,,JHS EXAM 1,,,phv00401078,phv00401085,,,
JHS,pht008730,,JHS EXAM 2,,,phv00401273,phv00401282,,,
JHS,pht008731,,JHS EXAM 3,,,phv00401370,phv00401379,,,
JHS,pht008733,,JHS EXAM 1,,,phv00401561,,,,
JHS,pht008734,,JHS EXAM 3,,,phv00401565,phv00401572,,,
JHS,pht008737,,JHS EXAM 6,,,phv00401588,,,,
JHS,pht008738,,JHS EXAM 9,,,phv00401621,,,,
JHS,pht008741,,JHS EXAM 6,,,phv00401710,,,,
JHS,pht008742,,JHS EXAM 1,,,phv00401725,,,,
JHS,pht008746,,JHS EXAM 1,,,phv00402039,,,,
JHS,pht008747,,JHS EXAM 2,,,phv00402377,,,,
JHS,pht008748,,JHS EXAM 6,,,phv00402732,,,,
JHS,pht008759,,JHS URINE,,,phv00403002,,,,
JHS,pht008764,,JHS EXAM 6,,,phv00403058,,,,
JHS,pht008768,,JHS EXAM 2,,,phv00403315,,,,
JHS,pht008769,,JHS EXAM 3,,,phv00403369,,,,
JHS,pht008782,,JHS EXAM 6,,,phv00403792,,,,
JHS,pht008783,,JHS EXAM 1,,,phv00403830,,,,
JHS,pht008791,,JHS LAB DATA,,,phv00404188,,,,
JHS,pht008792,,JHS LAB DATA,,,phv00404241,,,,
JHS ,pht001964,,JHS EXAM 1,,,phv00127753,,,,
JHS ,pht001966,,JHS EXAM 1,,,phv00128026,,,,
JHS ,pht001967,,JHS EXAM 1,,,phv00128084,,,,
JHS ,pht001973,,JHS EXAM 1,,,phv00128330,,,,
JHS ,pht001976,,JHS EXAM 1,,,phv00128393,,,,
JHS ,pht001977,,JHS EXAM 1,,,phv00128494,,,,
JHS ,pht002139,,JHS PEDIGREE,,,phv00156603,,,,
JHS ,pht008725,,JHS AFU,,,phv00400849,,,,
JHS ,pht008726,,JHS CHD,,,phv00401054,,,,
JHS ,pht008728,,JHS STROKE,,,phv00401067,,,,
JHS ,pht008753,,JHS EXAM 2,,,phv00402777,,,,
JHS ,pht008755,,JHS HEART FAILURE EVENTS,,,phv00402839,,,,
JHS ,pht008756,,JHS ISTROKE,,,phv00402848,,,,
JHS ,pht008765,,JHS EXAM 9,,,phv00403140,,,,
JHS ,pht008776,,JHS EXAM 9,,,phv00403571,,,,
JHS ,pht008778,,JHS EXAM 9,,,phv00403624,,,,
JHS ,pht008785,,JHS EXAM 1,,,phv00403885,,,,
JHS ,pht008786,,JHS EXAM 9,,,phv00403988,,,,
MESA,pht001109,,MESA PEDIGREE,,,phv00082629,,,,
MESA,pht001111,,MESA AIR EXAM,,,phv00082638,phv00082639,,age variable phv00084442,
MESA,pht001112,,MESA AIR SPIROMETRY,,,phv00083440,phv00083452,,,
MESA,pht001114,,MESA LUNG SPIROMETRY,,,phv00083675,phv00083687,,,
MESA,pht001116,,MESA CLASSIC EXAM 1,,,phv00084441,phv00084442,,,
MESA,pht001117,,MESA CLASSIC EXAM 2,,,phv00085751,,,,
MESA,pht001118,,MESA CLASSIC EXAM 2,,,phv00085772,phv00085773,,,
MESA,pht001119,,MESA CLASSIC EXAM 3,,,phv00086258,phv00086259,,,
MESA,pht001120,,MESA CLASSIC EXAM 4,,,phv00086726,phv00086727,,,
MESA,pht001121,,MESA FAMILY,,,phv00087070,phv00087071,,,
MESA,pht001122,,MESA FAMILY SPIROMETRY,,,phv00087666,phv00087678,,,
MESA,pht001123,,MESA CLASSIC CVE,,,phv00087848,,,,
MESA,pht001205,,MESA EXAM 4,,,phv00090067,,,,
MESA,pht001217,,MESA AFIB,,,phv00090301,,,,
MESA,pht001984,,MESA INFLAMMATION,,,phv00128699,,,,
MESA,pht002099,,,,MESA CLASSIC 1-5,phv00142665,,,,
MESA,pht002105,,MESA STRESS,,,phv00150369,,,,
MESA,pht002195,,MESA CLASSIC EXAM 1,,,phv00159095,,,,
MESA,pht002198,,,,,phv00159198,,,look up phv00160529 to get exam,
MESA,pht002512,,MESA ANCILLARY,,,phv00165046,,,,
MESA,pht002515,,MESA ANCILLARY FET,,,phv00165061,,,,
MESA,pht003086,,MESA AIR EXAM 5,,,phv00174584,,,age at phv00174588,
MESA,pht003087,,MESA LUNG CT,,,phv00175794,,,age phv00175854,
MESA,pht003088,,MESA LUNG,,,phv00175966,,,,
MESA,pht003089,,MESA ANCILLARY,,,phv00175973,,,,
MESA,pht003091,,MESA CLASSIC EXAM 5,,,phv00176007,,,age at phv00176011,
MESA,pht003659,,MESA TTD,,,phv00197114,,,,
MESA,pht004317,,MESA DIET EXAM 5,,,phv00218303,,,,
MESA,pht004319,,MESA EPIGENOMICS,,,phv00218989,,,,
MESA,pht004326,,MESA STRESS,,,phv00219018,phv00219024,,age at stress exam phv00219024,
WHI,pht000982,,WHI CON,,,phv00077314,,,,
WHI,pht000986,,WHI CBC,,,phv00077360,,,,
WHI,pht000987,,WHI CORE,,,phv00077369,,,,
WHI,pht000990,,WHI YEAR 3,,,phv00077450,,,,
WHI,pht000991,f144_rel1,WHI YEAR 4,,,phv00077671,,,,
WHI,pht000992,f145_rel1,WHI YEAR 5,,,phv00077797,,,,
WHI,pht000993,,WHI YEAR 6,,,phv00077907,,,,
WHI,pht000994,f147_rel1,WHI YEAR 7,,,phv00078109,,,,
WHI,pht000995,f148_rel1,WHI YEAR 8,,,phv00078233,,,,
WHI,pht000997,,WHI PI 20,,,phv00078385,,,,
WHI,pht000998,,WHI ELIGIBILITY,,,phv00078435,phv00078437,,,
WHI,pht000999,f30_rel2,WHI FORM 30 - MEDICAL HISTORY QUESTIONNAIRE,,,phv00078506,,,,
WHI,pht001003,,WHI PH 34,,,phv00078772,,,,
WHI,pht001004,,WHI PH 35,,,phv00082638,,,,
WHI,pht001005,,WHI TF 37,,,phv00078867,,,,
WHI,pht001006,,WHI DL 38,,,phv00079085,,,,
WHI,pht001009,,WHI PI 41,,,phv00079312,,,,
WHI,pht001010,,WHI OS 42,,,phv00079332,,,,
WHI,pht001014,,WHI YEAR 1,,,phv00079556,,,,
WHI,pht001019,,WHI PM 80,,,phv00079849,,,,
WHI,pht001031,,WHI RE,,,phv00080423,,,,
WHI,pht001514,,WHI MH 134,,,phv00111539,,,,
WHI,pht001517,,WHI FG 60 1,,,phv00111654,,,,
WHI,pht002118,ecg_rel2,WHI ELECTROCARDIOGRAM -MYOCARDIAL INFARCTION NOVACODE FOLLOW-UP,,,phv00154925,,,,
WHI,pht002125,,WHI FG 60 2,,,phv00156379,,,,
WHI,pht002754,,WHI MAIN 44,,,phv00169602,,,,
WHI,pht002769,,WHI CAD,,,phv00170566,,,,
WHI,pht002770,,WHI CTOS,,,phv00170648,,,,
WHI,pht003395,,WHI EXT,,,phv00192296,,,,
WHI,pht003396,,WHI ADL 151,,,phv00192304,,,,
WHI,pht003402,,WHI CAD,,,phv00192476,,,,
WHI,pht003405,,WHI CAD 121,,,phv00192992,,,,
WHI,pht003406,,WHI CAD 121,,,phv00193046,,,,
WHI,pht003407,outc_ct_os_rel4,WHI OUTCOMES - CLINICAL TRIALS + OBSERVATIONAL STUDY ADJUDICATED,,,phv00193141,,,,
WHI,pht003409,,WHI DEATH 124,,,phv00193529,,,,
WHI,pht003410,,WHI DVTPE,,,phv00193552,,,,
WHI,pht003413,outc_self_x2_mrc_rel1,WHI EXTENSION STUDY 2 MRC,,,phv00193628,,,"Variable Name: SUBJID, Variable Description:WHI dbGaP Subject ID, Dataset description: Extension Study 2, Self Reported, Non-Adjudicated Outcomes for MRC Participants",
WHI,pht003414,outc_self_x2_src_rel1,WHI EXTENSION STUDY 2 SRC,,,phv00193686,,,"Variable Name: SUBJID, Variable Description:WHI dbGaP Subject ID, Dataset description: Extension Study 2, Self Reported, Non-Adjudicated Outcomes for SRC Participants",
WHI,pht003415,,WHI SCAD,,,phv00193798,,,,
WHI,pht003416,,WHI SCAD 4,,,phv00193819,,,,
WHI,pht006212,,WHI CAD MED,,,phv00282951,,,has days from CT and CAD randomization,
WHI,pht006213,,WHI HRT MED,,,phv00282964,,,days from rand,
WHI,pht006214,,WHI LQ 155,,,phv00282977,,,Days since randomization or enrollment,
WHI,pht006215,,WHI EXT 156,,,phv00283183,,,Days since randomization or enrollment,
WHI,pht006217,,WHI LLS,,,phv00283284,,,days since randomization,
WHI,pht006218,,WHI BASELINE,,,phv00283348,,,days since enrollment,
WHI,pht006220,,WHI ADDO,,,phv00283412,,,Days enrollment to All Discovered Death - I think this is date of death,
WHI,pht006223,unc_hf_rel1,WHI UNC HEART FAILURE DETAILS,,,phv00283451,,,"Dataset description: UNC Heart Failure Details (Main, Ext1, Ext2)",
,pht006027,,,,,,,,cannot find this table in dbGAP,1
